symbol,depth,bar_date_time,resistance,resistance_fractal,support,support_fractal,high,low,backstep_high,backstep_low,fractal_high,fractal_low,resistance_bar_date_time,resistance_fractal_bar_date_time,support_bar_date_time,support_fractal_bar_date_time,high_bar_date_time,low_bar_date_time,backstep_high_bar_date_time,backstep_low_bar_date_time,backstep_up,backstep_down,wave,up_trend,break_resistance,break_support
AUDJPY,12,"2026-02-28 06:45:00",111.29800,111.16800,110.64300,110.89800,111.16800,111.00200,111.16800,110.91400,111.29800,110.89800,"2026-02-28 00:45:00","2026-02-28 05:45:00","2026-02-27 22:30:00","2026-02-28 04:45:00","2026-02-28 05:45:00","2026-02-28 06:45:00","2026-02-28 05:45:00","2026-02-28 04:30:00",0,0,4,,\0,\0
AUDJPY,12,"2026-02-28 06:30:00",111.29800,111.16800,110.64300,110.89800,111.16800,111.00800,111.16800,110.91400,111.29800,110.89800,"2026-02-28 00:45:00","2026-02-28 05:45:00","2026-02-27 22:30:00","2026-02-28 04:45:00","2026-02-28 05:45:00","2026-02-28 06:30:00","2026-02-28 05:45:00","2026-02-28 04:30:00",0,0,4,,\0,\0
AUDJPY,12,"2026-02-28 06:15:00",111.29800,111.16800,110.64300,110.89800,111.16800,111.01900,111.16800,110.91400,111.29800,110.89800,"2026-02-28 00:45:00","2026-02-28 05:45:00","2026-02-27 22:30:00","2026-02-28 04:45:00","2026-02-28 05:45:00","2026-02-28 06:15:00","2026-02-28 05:45:00","2026-02-28 04:30:00",0,0,4,,\0,\0
AUDJPY,12,"2026-02-28 06:00:00",111.29800,111.16800,110.64300,110.89800,111.16800,111.07500,111.16800,110.91400,111.29800,110.89800,"2026-02-28 00:45:00","2026-02-28 05:45:00","2026-02-27 22:30:00","2026-02-28 04:45:00","2026-02-28 05:45:00","2026-02-28 06:00:00","2026-02-28 05:45:00","2026-02-28 04:30:00",0,0,4,,\0,\0
AUDJPY,12,"2026-02-28 05:45:00",111.29800,111.16800,110.64300,110.89800,111.16800,111.16800,111.16800,110.91400,111.29800,110.89800,"2026-02-28 00:45:00","2026-02-28 05:45:00","2026-02-27 22:30:00","2026-02-28 04:45:00","2026-02-28 05:45:00","2026-02-28 05:45:00","2026-02-28 05:45:00","2026-02-28 04:30:00",0,0,4,,\0,\0
AUDJPY,12,"2026-02-28 05:30:00",111.29800,111.29800,110.64300,110.89800,111.12100,110.89800,111.12100,110.91400,111.29800,110.89800,"2026-02-28 00:45:00","2026-02-28 00:45:00","2026-02-27 22:30:00","2026-02-28 04:45:00","2026-02-28 05:15:00","2026-02-28 04:45:00","2026-02-28 05:15:00","2026-02-28 04:30:00",2,0,4,\0,\0,\0
AUDJPY,12,"2026-02-28 05:15:00",111.29800,111.29800,110.64300,110.89800,111.12100,110.89800,111.12100,110.91400,111.29800,110.89800,"2026-02-28 00:45:00","2026-02-28 00:45:00","2026-02-27 22:30:00","2026-02-28 04:45:00","2026-02-28 05:15:00","2026-02-28 04:45:00","2026-02-28 05:15:00","2026-02-28 04:30:00",1,0,4,\0,\0,\0
AUDJPY,12,"2026-02-28 05:00:00",111.29800,111.29800,110.64300,110.89800,111.07000,110.89800,110.96200,110.91400,111.29800,110.89800,"2026-02-28 00:45:00","2026-02-28 00:45:00","2026-02-27 22:30:00","2026-02-28 04:45:00","2026-02-28 05:00:00","2026-02-28 04:45:00","2026-02-27 23:15:00","2026-02-28 04:30:00",0,0,4,\0,\0,\0
AUDJPY,12,"2026-02-28 04:45:00",111.29800,111.29800,110.64300,110.89800,110.89800,110.89800,110.96200,110.91400,111.29800,110.89800,"2026-02-28 00:45:00","2026-02-28 00:45:00","2026-02-27 22:30:00","2026-02-28 04:45:00","2026-02-28 04:45:00","2026-02-28 04:45:00","2026-02-27 23:15:00","2026-02-28 04:30:00",0,0,4,\0,\0,\0
AUDJPY,12,"2026-02-28 04:30:00",111.29800,111.29800,110.64300,110.91400,110.91400,110.91400,110.96200,110.91400,111.29800,110.91400,"2026-02-28 00:45:00","2026-02-28 00:45:00","2026-02-27 22:30:00","2026-02-28 04:30:00","2026-02-28 04:30:00","2026-02-28 04:30:00","2026-02-27 23:15:00","2026-02-28 04:30:00",0,0,4,\0,\0,\0
AUDJPY,12,"2026-02-28 04:15:00",111.29800,111.29800,110.64300,110.64300,111.29800,110.92900,110.96200,110.92900,111.29800,110.92900,"2026-02-28 00:45:00","2026-02-28 00:45:00","2026-02-27 22:30:00","2026-02-27 22:30:00","2026-02-28 00:45:00","2026-02-28 04:15:00","2026-02-27 23:15:00","2026-02-28 04:15:00",0,1,3,,,\0
AUDJPY,12,"2026-02-28 04:00:00",111.29800,111.29800,110.64300,110.64300,111.29800,110.97400,110.96200,110.79200,111.29800,110.97400,"2026-02-28 00:45:00","2026-02-28 00:45:00","2026-02-27 22:30:00","2026-02-27 22:30:00","2026-02-28 00:45:00","2026-02-28 02:30:00","2026-02-27 23:15:00","2026-02-27 19:00:00",0,0,3,,,\0
AUDJPY,12,"2026-02-28 03:45:00",111.29800,111.29800,110.64300,110.64300,111.29800,110.97400,110.96200,110.79200,111.29800,110.97400,"2026-02-28 00:45:00","2026-02-28 00:45:00","2026-02-27 22:30:00","2026-02-27 22:30:00","2026-02-28 00:45:00","2026-02-28 02:30:00","2026-02-27 23:15:00","2026-02-27 19:00:00",0,0,3,,,\0
AUDJPY,12,"2026-02-28 03:30:00",111.29800,111.29800,110.64300,110.64300,111.29800,110.97400,110.96200,110.79200,111.29800,110.97400,"2026-02-28 00:45:00","2026-02-28 00:45:00","2026-02-27 22:30:00","2026-02-27 22:30:00","2026-02-28 00:45:00","2026-02-28 02:30:00","2026-02-27 23:15:00","2026-02-27 19:00:00",0,0,3,,,\0
AUDJPY,12,"2026-02-28 03:15:00",111.29800,111.29800,110.64300,110.64300,111.29800,110.97400,110.96200,110.79200,111.29800,110.97400,"2026-02-28 00:45:00","2026-02-28 00:45:00","2026-02-27 22:30:00","2026-02-27 22:30:00","2026-02-28 00:45:00","2026-02-28 02:30:00","2026-02-27 23:15:00","2026-02-27 19:00:00",0,0,3,,,\0
AUDJPY,12,"2026-02-28 03:00:00",111.29800,111.29800,110.64300,110.64300,111.29800,110.97400,110.96200,110.79200,111.29800,110.97400,"2026-02-28 00:45:00","2026-02-28 00:45:00","2026-02-27 22:30:00","2026-02-27 22:30:00","2026-02-28 00:45:00","2026-02-28 02:30:00","2026-02-27 23:15:00","2026-02-27 19:00:00",0,0,3,,,\0
AUDJPY,12,"2026-02-28 02:45:00",111.29800,111.29800,110.64300,110.64300,111.29800,110.97400,110.96200,110.79200,111.29800,110.97400,"2026-02-28 00:45:00","2026-02-28 00:45:00","2026-02-27 22:30:00","2026-02-27 22:30:00","2026-02-28 00:45:00","2026-02-28 02:30:00","2026-02-27 23:15:00","2026-02-27 19:00:00",0,0,3,,,\0
AUDJPY,12,"2026-02-28 02:30:00",111.29800,111.29800,110.64300,110.64300,111.29800,110.97400,110.96200,110.79200,111.29800,110.97400,"2026-02-28 00:45:00","2026-02-28 00:45:00","2026-02-27 22:30:00","2026-02-27 22:30:00","2026-02-28 00:45:00","2026-02-28 02:30:00","2026-02-27 23:15:00","2026-02-27 19:00:00",0,0,3,,,\0
AUDJPY,12,"2026-02-28 02:15:00",111.29800,111.29800,110.64300,110.64300,111.29800,111.01700,110.96200,110.79200,111.29800,111.01700,"2026-02-28 00:45:00","2026-02-28 00:45:00","2026-02-27 22:30:00","2026-02-27 22:30:00","2026-02-28 00:45:00","2026-02-28 02:15:00","2026-02-27 23:15:00","2026-02-27 19:00:00",0,0,3,,,\0
AUDJPY,12,"2026-02-28 02:00:00",111.29800,111.29800,110.64300,110.64300,111.29800,111.08000,110.96200,110.79200,111.29800,111.08000,"2026-02-28 00:45:00","2026-02-28 00:45:00","2026-02-27 22:30:00","2026-02-27 22:30:00","2026-02-28 00:45:00","2026-02-28 01:45:00","2026-02-27 23:15:00","2026-02-27 19:00:00",0,0,3,,,\0
AUDUSD,12,"2026-02-28 06:45:00",0.71321,0.71220,0.70864,0.71090,0.71090,0.71090,0.71220,0.71090,0.71321,0.70864,"2026-02-27 14:15:00","2026-02-28 05:30:00","2026-02-27 22:30:00","2026-02-28 06:45:00","2026-02-28 06:45:00","2026-02-28 06:45:00","2026-02-28 05:30:00","2026-02-28 06:45:00",0,0,-2,\0,\0,\0
AUDUSD,12,"2026-02-28 06:30:00",0.71321,0.71220,0.70864,0.71110,0.71220,0.71121,0.71220,0.71117,0.71321,0.70864,"2026-02-27 14:15:00","2026-02-28 05:30:00","2026-02-27 22:30:00","2026-02-28 04:45:00","2026-02-28 05:30:00","2026-02-28 06:15:00","2026-02-28 05:30:00","2026-02-28 03:15:00",0,0,-2,,\0,\0
AUDUSD,12,"2026-02-28 06:15:00",0.71321,0.71220,0.70864,0.71110,0.71220,0.71121,0.71220,0.71117,0.71321,0.70864,"2026-02-27 14:15:00","2026-02-28 05:30:00","2026-02-27 22:30:00","2026-02-28 04:45:00","2026-02-28 05:30:00","2026-02-28 06:15:00","2026-02-28 05:30:00","2026-02-28 03:15:00",0,0,-2,,\0,\0
AUDUSD,12,"2026-02-28 06:00:00",0.71321,0.71220,0.70864,0.71110,0.71220,0.71129,0.71220,0.71117,0.71321,0.70864,"2026-02-27 14:15:00","2026-02-28 05:30:00","2026-02-27 22:30:00","2026-02-28 04:45:00","2026-02-28 05:30:00","2026-02-28 06:00:00","2026-02-28 05:30:00","2026-02-28 03:15:00",0,0,-2,,\0,\0
AUDUSD,12,"2026-02-28 05:45:00",0.71321,0.71220,0.70864,0.71110,0.71220,0.71152,0.71220,0.71117,0.71321,0.70864,"2026-02-27 14:15:00","2026-02-28 05:30:00","2026-02-27 22:30:00","2026-02-28 04:45:00","2026-02-28 05:30:00","2026-02-28 05:45:00","2026-02-28 05:30:00","2026-02-28 03:15:00",0,0,-2,,\0,\0
AUDUSD,12,"2026-02-28 05:30:00",0.71321,0.71220,0.70864,0.71110,0.71220,0.71220,0.71220,0.71117,0.71321,0.70864,"2026-02-27 14:15:00","2026-02-28 05:30:00","2026-02-27 22:30:00","2026-02-28 04:45:00","2026-02-28 05:30:00","2026-02-28 05:30:00","2026-02-28 05:30:00","2026-02-28 03:15:00",0,0,-2,,\0,\0
AUDUSD,12,"2026-02-28 05:15:00",0.71321,0.71321,0.70864,0.71110,0.71217,0.71110,0.71217,0.71117,0.71321,0.70864,"2026-02-27 14:15:00","2026-02-28 00:30:00","2026-02-27 22:30:00","2026-02-28 04:45:00","2026-02-28 05:15:00","2026-02-28 04:45:00","2026-02-28 05:15:00","2026-02-28 03:15:00",1,0,-2,\0,\0,\0
AUDUSD,12,"2026-02-28 05:00:00",0.71321,0.71321,0.70864,0.71110,0.71195,0.71110,0.71158,0.71117,0.71321,0.70864,"2026-02-27 14:15:00","2026-02-28 00:30:00","2026-02-27 22:30:00","2026-02-28 04:45:00","2026-02-28 05:00:00","2026-02-28 04:45:00","2026-02-27 23:30:00","2026-02-28 03:15:00",0,0,-2,\0,\0,\0
AUDUSD,12,"2026-02-28 04:45:00",0.71321,0.71321,0.70864,0.71110,0.71110,0.71110,0.71158,0.71117,0.71321,0.70864,"2026-02-27 14:15:00","2026-02-28 00:30:00","2026-02-27 22:30:00","2026-02-28 04:45:00","2026-02-28 04:45:00","2026-02-28 04:45:00","2026-02-27 23:30:00","2026-02-28 03:15:00",0,0,-2,\0,\0,\0
AUDUSD,12,"2026-02-28 04:30:00",0.71321,0.71321,0.70864,0.71117,0.71185,0.71117,0.71158,0.71117,0.71321,0.70864,"2026-02-27 14:15:00","2026-02-28 00:30:00","2026-02-27 22:30:00","2026-02-28 03:15:00","2026-02-28 04:15:00","2026-02-28 03:15:00","2026-02-27 23:30:00","2026-02-28 03:15:00",0,0,-2,\0,\0,\0
AUDUSD,12,"2026-02-28 04:15:00",0.71321,0.71321,0.70864,0.71117,0.71185,0.71117,0.71158,0.71117,0.71321,0.70864,"2026-02-27 14:15:00","2026-02-28 00:30:00","2026-02-27 22:30:00","2026-02-28 03:15:00","2026-02-28 04:15:00","2026-02-28 03:15:00","2026-02-27 23:30:00","2026-02-28 03:15:00",0,0,-2,\0,\0,\0
AUDUSD,12,"2026-02-28 04:00:00",0.71321,0.71321,0.70864,0.71117,0.71117,0.71117,0.71158,0.71117,0.71321,0.70864,"2026-02-27 14:15:00","2026-02-28 00:30:00","2026-02-27 22:30:00","2026-02-28 03:15:00","2026-02-28 03:15:00","2026-02-28 03:15:00","2026-02-27 23:30:00","2026-02-28 03:15:00",0,0,-2,\0,\0,\0
AUDUSD,12,"2026-02-28 03:45:00",0.71321,0.71321,0.70864,0.70864,0.71321,0.71117,0.71158,0.71117,0.71321,0.70864,"2026-02-27 14:15:00","2026-02-28 00:30:00","2026-02-27 22:30:00","2026-02-27 22:30:00","2026-02-28 00:30:00","2026-02-28 03:15:00","2026-02-27 23:30:00","2026-02-28 03:15:00",0,3,-2,,\0,\0
AUDUSD,12,"2026-02-28 03:30:00",0.71321,0.71321,0.70864,0.70864,0.71321,0.71117,0.71158,0.71117,0.71321,0.70864,"2026-02-27 14:15:00","2026-02-28 00:30:00","2026-02-27 22:30:00","2026-02-27 22:30:00","2026-02-28 00:30:00","2026-02-28 03:15:00","2026-02-27 23:30:00","2026-02-28 03:15:00",0,2,-2,,\0,\0
AUDUSD,12,"2026-02-28 03:15:00",0.71321,0.71321,0.70864,0.70864,0.71321,0.71117,0.71158,0.71117,0.71321,0.70864,"2026-02-27 14:15:00","2026-02-28 00:30:00","2026-02-27 22:30:00","2026-02-27 22:30:00","2026-02-28 00:30:00","2026-02-28 03:15:00","2026-02-27 23:30:00","2026-02-28 03:15:00",0,1,-2,,\0,\0
AUDUSD,12,"2026-02-28 03:00:00",0.71321,0.71321,0.70864,0.70864,0.71321,0.71124,0.71158,0.71131,0.71321,0.70864,"2026-02-27 14:15:00","2026-02-28 00:30:00","2026-02-27 22:30:00","2026-02-27 22:30:00","2026-02-28 00:30:00","2026-02-28 02:30:00","2026-02-27 23:30:00","2026-02-27 17:45:00",0,0,-2,,\0,\0
AUDUSD,12,"2026-02-28 02:45:00",0.71321,0.71321,0.70864,0.70864,0.71321,0.71124,0.71158,0.71131,0.71321,0.70864,"2026-02-27 14:15:00","2026-02-28 00:30:00","2026-02-27 22:30:00","2026-02-27 22:30:00","2026-02-28 00:30:00","2026-02-28 02:30:00","2026-02-27 23:30:00","2026-02-27 17:45:00",0,0,-2,,\0,\0
AUDUSD,12,"2026-02-28 02:30:00",0.71321,0.71321,0.70864,0.70864,0.71321,0.71124,0.71158,0.71131,0.71321,0.70864,"2026-02-27 14:15:00","2026-02-28 00:30:00","2026-02-27 22:30:00","2026-02-27 22:30:00","2026-02-28 00:30:00","2026-02-28 02:30:00","2026-02-27 23:30:00","2026-02-27 17:45:00",0,0,-2,,\0,\0
AUDUSD,12,"2026-02-28 02:15:00",0.71321,0.71321,0.70864,0.70864,0.71321,0.71129,0.71158,0.71131,0.71321,0.70864,"2026-02-27 14:15:00","2026-02-28 00:30:00","2026-02-27 22:30:00","2026-02-27 22:30:00","2026-02-28 00:30:00","2026-02-28 02:15:00","2026-02-27 23:30:00","2026-02-27 17:45:00",0,0,-2,,\0,\0
AUDUSD,12,"2026-02-28 02:00:00",0.71321,0.71321,0.70864,0.70864,0.71321,0.71176,0.71158,0.71131,0.71321,0.70864,"2026-02-27 14:15:00","2026-02-28 00:30:00","2026-02-27 22:30:00","2026-02-27 22:30:00","2026-02-28 00:30:00","2026-02-28 01:45:00","2026-02-27 23:30:00","2026-02-27 17:45:00",0,0,-2,,\0,\0
CADJPY,12,"2026-02-28 06:45:00",114.54200,114.54200,113.99000,114.32200,114.42400,114.32200,114.18500,114.36800,114.54200,114.32200,"2026-02-28 02:15:00","2026-02-28 02:15:00","2026-02-27 20:15:00","2026-02-28 06:30:00","2026-02-28 06:45:00","2026-02-28 06:30:00","2026-02-27 22:15:00","2026-02-28 04:15:00",0,0,6,\0,\0,\0
CADJPY,12,"2026-02-28 06:30:00",114.54200,114.54200,113.99000,114.32200,114.32200,114.32200,114.18500,114.36800,114.54200,114.32200,"2026-02-28 02:15:00","2026-02-28 02:15:00","2026-02-27 20:15:00","2026-02-28 06:30:00","2026-02-28 06:30:00","2026-02-28 06:30:00","2026-02-27 22:15:00","2026-02-28 04:15:00",0,0,6,\0,\0,\0
CADJPY,12,"2026-02-28 06:15:00",114.54200,114.54200,113.99000,114.33400,114.33400,114.33400,114.18500,114.36800,114.54200,114.33400,"2026-02-28 02:15:00","2026-02-28 02:15:00","2026-02-27 20:15:00","2026-02-28 06:15:00","2026-02-28 06:15:00","2026-02-28 06:15:00","2026-02-27 22:15:00","2026-02-28 04:15:00",0,0,6,\0,\0,\0
CADJPY,12,"2026-02-28 06:00:00",114.54200,114.54200,113.99000,114.36800,114.50800,114.36800,114.18500,114.36800,114.54200,114.36800,"2026-02-28 02:15:00","2026-02-28 02:15:00","2026-02-27 20:15:00","2026-02-28 04:15:00","2026-02-28 05:45:00","2026-02-28 04:15:00","2026-02-27 22:15:00","2026-02-28 04:15:00",0,0,6,\0,\0,\0
CADJPY,12,"2026-02-28 05:45:00",114.54200,114.54200,113.99000,114.36800,114.50800,114.36800,114.18500,114.36800,114.54200,114.36800,"2026-02-28 02:15:00","2026-02-28 02:15:00","2026-02-27 20:15:00","2026-02-28 04:15:00","2026-02-28 05:45:00","2026-02-28 04:15:00","2026-02-27 22:15:00","2026-02-28 04:15:00",0,0,6,\0,\0,\0
CADJPY,12,"2026-02-28 05:30:00",114.54200,114.54200,113.99000,114.36800,114.46900,114.36800,114.18500,114.36800,114.54200,114.36800,"2026-02-28 02:15:00","2026-02-28 02:15:00","2026-02-27 20:15:00","2026-02-28 04:15:00","2026-02-28 05:15:00","2026-02-28 04:15:00","2026-02-27 22:15:00","2026-02-28 04:15:00",0,0,6,\0,\0,\0
CADJPY,12,"2026-02-28 05:15:00",114.54200,114.54200,113.99000,114.36800,114.46900,114.36800,114.18500,114.36800,114.54200,114.36800,"2026-02-28 02:15:00","2026-02-28 02:15:00","2026-02-27 20:15:00","2026-02-28 04:15:00","2026-02-28 05:15:00","2026-02-28 04:15:00","2026-02-27 22:15:00","2026-02-28 04:15:00",0,0,6,\0,\0,\0
CADJPY,12,"2026-02-28 05:00:00",114.54200,114.54200,113.99000,114.36800,114.45900,114.36800,114.18500,114.36800,114.54200,114.36800,"2026-02-28 02:15:00","2026-02-28 02:15:00","2026-02-27 20:15:00","2026-02-28 04:15:00","2026-02-28 04:45:00","2026-02-28 04:15:00","2026-02-27 22:15:00","2026-02-28 04:15:00",0,0,6,\0,\0,\0
CADJPY,12,"2026-02-28 04:45:00",114.54200,114.54200,113.99000,114.36800,114.45900,114.36800,114.18500,114.36800,114.54200,114.36800,"2026-02-28 02:15:00","2026-02-28 02:15:00","2026-02-27 20:15:00","2026-02-28 04:15:00","2026-02-28 04:45:00","2026-02-28 04:15:00","2026-02-27 22:15:00","2026-02-28 04:15:00",0,0,6,\0,\0,\0
CADJPY,12,"2026-02-28 04:30:00",114.54200,114.54200,113.99000,114.36800,114.36800,114.36800,114.18500,114.36800,114.54200,114.36800,"2026-02-28 02:15:00","2026-02-28 02:15:00","2026-02-27 20:15:00","2026-02-28 04:15:00","2026-02-28 04:15:00","2026-02-28 04:15:00","2026-02-27 22:15:00","2026-02-28 04:15:00",0,0,6,\0,\0,\0
CADJPY,12,"2026-02-28 04:15:00",114.54200,114.54200,113.99000,113.99000,114.54200,114.36800,114.18500,114.36800,114.54200,114.36800,"2026-02-28 02:15:00","2026-02-28 02:15:00","2026-02-27 20:15:00","2026-02-27 20:15:00","2026-02-28 02:15:00","2026-02-28 04:15:00","2026-02-27 22:15:00","2026-02-28 04:15:00",0,1,5,,,\0
CADJPY,12,"2026-02-28 04:00:00",114.54200,114.54200,113.99000,113.99000,114.54200,114.41300,114.18500,114.04600,114.54200,114.41300,"2026-02-28 02:15:00","2026-02-28 02:15:00","2026-02-27 20:15:00","2026-02-27 20:15:00","2026-02-28 02:15:00","2026-02-28 02:30:00","2026-02-27 22:15:00","2026-02-27 19:15:00",0,0,5,,,\0
CADJPY,12,"2026-02-28 03:45:00",114.54200,114.54200,113.99000,113.99000,114.54200,114.41300,114.18500,114.04600,114.54200,114.41300,"2026-02-28 02:15:00","2026-02-28 02:15:00","2026-02-27 20:15:00","2026-02-27 20:15:00","2026-02-28 02:15:00","2026-02-28 02:30:00","2026-02-27 22:15:00","2026-02-27 19:15:00",0,0,5,,,\0
CADJPY,12,"2026-02-28 03:30:00",114.54200,114.54200,113.99000,113.99000,114.54200,114.41300,114.18500,114.04600,114.54200,114.41300,"2026-02-28 02:15:00","2026-02-28 02:15:00","2026-02-27 20:15:00","2026-02-27 20:15:00","2026-02-28 02:15:00","2026-02-28 02:30:00","2026-02-27 22:15:00","2026-02-27 19:15:00",0,0,5,,,\0
CADJPY,12,"2026-02-28 03:15:00",114.54200,114.54200,113.99000,113.99000,114.54200,114.41300,114.18500,114.04600,114.54200,114.41300,"2026-02-28 02:15:00","2026-02-28 02:15:00","2026-02-27 20:15:00","2026-02-27 20:15:00","2026-02-28 02:15:00","2026-02-28 02:30:00","2026-02-27 22:15:00","2026-02-27 19:15:00",0,0,5,,,\0
CADJPY,12,"2026-02-28 03:00:00",114.54200,114.54200,113.99000,113.99000,114.54200,114.41300,114.18500,114.04600,114.54200,114.41300,"2026-02-28 02:15:00","2026-02-28 02:15:00","2026-02-27 20:15:00","2026-02-27 20:15:00","2026-02-28 02:15:00","2026-02-28 02:30:00","2026-02-27 22:15:00","2026-02-27 19:15:00",0,0,5,,,\0
CADJPY,12,"2026-02-28 02:45:00",114.54200,114.54200,113.99000,113.99000,114.54200,114.41300,114.18500,114.04600,114.54200,114.41300,"2026-02-28 02:15:00","2026-02-28 02:15:00","2026-02-27 20:15:00","2026-02-27 20:15:00","2026-02-28 02:15:00","2026-02-28 02:30:00","2026-02-27 22:15:00","2026-02-27 19:15:00",0,0,5,,,\0
CADJPY,12,"2026-02-28 02:30:00",114.54200,114.54200,113.99000,113.99000,114.54200,114.41300,114.18500,114.04600,114.54200,114.41300,"2026-02-28 02:15:00","2026-02-28 02:15:00","2026-02-27 20:15:00","2026-02-27 20:15:00","2026-02-28 02:15:00","2026-02-28 02:30:00","2026-02-27 22:15:00","2026-02-27 19:15:00",0,0,5,,,\0
CADJPY,12,"2026-02-28 02:15:00",114.54200,114.54200,113.99000,113.99000,114.54200,114.54200,114.18500,114.04600,114.54200,114.54200,"2026-02-28 02:15:00","2026-02-28 02:15:00","2026-02-27 20:15:00","2026-02-27 20:15:00","2026-02-28 02:15:00","2026-02-28 02:15:00","2026-02-27 22:15:00","2026-02-27 19:15:00",0,0,5,,,\0
CADJPY,12,"2026-02-28 02:00:00",114.53200,114.53200,113.99000,113.99000,114.53200,114.53200,114.18500,114.04600,114.53200,114.53200,"2026-02-28 02:00:00","2026-02-28 02:00:00","2026-02-27 20:15:00","2026-02-27 20:15:00","2026-02-28 02:00:00","2026-02-28 02:00:00","2026-02-27 22:15:00","2026-02-27 19:15:00",0,0,5,,,\0
CHFJPY,12,"2026-02-28 06:45:00",203.38600,203.15600,201.72500,202.70500,202.70500,202.70500,203.15600,202.70500,203.38600,202.70500,"2026-02-28 00:30:00","2026-02-28 04:00:00","2026-02-27 20:30:00","2026-02-28 06:45:00","2026-02-28 06:45:00","2026-02-28 06:45:00","2026-02-28 04:00:00","2026-02-28 06:45:00",0,0,2,\0,\0,\0
CHFJPY,12,"2026-02-28 06:30:00",203.38600,203.15600,201.72500,202.88400,203.15600,202.98600,203.15600,202.98600,203.38600,202.88400,"2026-02-28 00:30:00","2026-02-28 04:00:00","2026-02-27 20:30:00","2026-02-28 02:45:00","2026-02-28 04:00:00","2026-02-28 06:30:00","2026-02-28 04:00:00","2026-02-28 06:30:00",0,1,2,,\0,\0
CHFJPY,12,"2026-02-28 06:15:00",203.38600,203.15600,201.72500,202.88400,203.15600,203.01900,203.15600,202.88400,203.38600,202.88400,"2026-02-28 00:30:00","2026-02-28 04:00:00","2026-02-27 20:30:00","2026-02-28 02:45:00","2026-02-28 04:00:00","2026-02-28 06:15:00","2026-02-28 04:00:00","2026-02-28 02:45:00",0,0,2,,\0,\0
CHFJPY,12,"2026-02-28 06:00:00",203.38600,203.15600,201.72500,202.88400,203.15600,203.02800,203.15600,202.88400,203.38600,202.88400,"2026-02-28 00:30:00","2026-02-28 04:00:00","2026-02-27 20:30:00","2026-02-28 02:45:00","2026-02-28 04:00:00","2026-02-28 04:15:00","2026-02-28 04:00:00","2026-02-28 02:45:00",0,0,2,,\0,\0
CHFJPY,12,"2026-02-28 05:45:00",203.38600,203.15600,201.72500,202.88400,203.15600,203.02800,203.15600,202.88400,203.38600,202.88400,"2026-02-28 00:30:00","2026-02-28 04:00:00","2026-02-27 20:30:00","2026-02-28 02:45:00","2026-02-28 04:00:00","2026-02-28 04:15:00","2026-02-28 04:00:00","2026-02-28 02:45:00",0,0,2,,\0,\0
CHFJPY,12,"2026-02-28 05:30:00",203.38600,203.15600,201.72500,202.88400,203.15600,203.02800,203.15600,202.88400,203.38600,202.88400,"2026-02-28 00:30:00","2026-02-28 04:00:00","2026-02-27 20:30:00","2026-02-28 02:45:00","2026-02-28 04:00:00","2026-02-28 04:15:00","2026-02-28 04:00:00","2026-02-28 02:45:00",0,0,2,,\0,\0
CHFJPY,12,"2026-02-28 05:15:00",203.38600,203.15600,201.72500,202.88400,203.15600,203.02800,203.15600,202.88400,203.38600,202.88400,"2026-02-28 00:30:00","2026-02-28 04:00:00","2026-02-27 20:30:00","2026-02-28 02:45:00","2026-02-28 04:00:00","2026-02-28 04:15:00","2026-02-28 04:00:00","2026-02-28 02:45:00",0,0,2,,\0,\0
CHFJPY,12,"2026-02-28 05:00:00",203.38600,203.15600,201.72500,202.88400,203.15600,203.02800,203.15600,202.88400,203.38600,202.88400,"2026-02-28 00:30:00","2026-02-28 04:00:00","2026-02-27 20:30:00","2026-02-28 02:45:00","2026-02-28 04:00:00","2026-02-28 04:15:00","2026-02-28 04:00:00","2026-02-28 02:45:00",0,0,2,,\0,\0
CHFJPY,12,"2026-02-28 04:45:00",203.38600,203.15600,201.72500,202.88400,203.15600,203.02800,203.15600,202.88400,203.38600,202.88400,"2026-02-28 00:30:00","2026-02-28 04:00:00","2026-02-27 20:30:00","2026-02-28 02:45:00","2026-02-28 04:00:00","2026-02-28 04:15:00","2026-02-28 04:00:00","2026-02-28 02:45:00",0,0,2,,\0,\0
CHFJPY,12,"2026-02-28 04:30:00",203.38600,203.15600,201.72500,202.88400,203.15600,203.02800,203.15600,202.88400,203.38600,202.88400,"2026-02-28 00:30:00","2026-02-28 04:00:00","2026-02-27 20:30:00","2026-02-28 02:45:00","2026-02-28 04:00:00","2026-02-28 04:15:00","2026-02-28 04:00:00","2026-02-28 02:45:00",0,0,2,,\0,\0
CHFJPY,12,"2026-02-28 04:15:00",203.38600,203.15600,201.72500,202.88400,203.15600,203.02800,203.15600,202.88400,203.38600,202.88400,"2026-02-28 00:30:00","2026-02-28 04:00:00","2026-02-27 20:30:00","2026-02-28 02:45:00","2026-02-28 04:00:00","2026-02-28 04:15:00","2026-02-28 04:00:00","2026-02-28 02:45:00",0,0,2,,\0,\0
CHFJPY,12,"2026-02-28 04:00:00",203.38600,203.15600,201.72500,202.88400,203.15600,203.15600,203.15600,202.88400,203.38600,202.88400,"2026-02-28 00:30:00","2026-02-28 04:00:00","2026-02-27 20:30:00","2026-02-28 02:45:00","2026-02-28 04:00:00","2026-02-28 04:00:00","2026-02-28 04:00:00","2026-02-28 02:45:00",0,0,2,,\0,\0
CHFJPY,12,"2026-02-28 03:45:00",203.38600,203.38600,201.72500,202.88400,203.13700,202.88400,203.13700,202.88400,203.38600,202.88400,"2026-02-28 00:30:00","2026-02-28 00:30:00","2026-02-27 20:30:00","2026-02-28 02:45:00","2026-02-28 03:45:00","2026-02-28 02:45:00","2026-02-28 03:45:00","2026-02-28 02:45:00",1,0,2,\0,\0,\0
CHFJPY,12,"2026-02-28 03:30:00",203.38600,203.38600,201.72500,202.88400,203.06100,202.88400,202.31500,202.88400,203.38600,202.88400,"2026-02-28 00:30:00","2026-02-28 00:30:00","2026-02-27 20:30:00","2026-02-28 02:45:00","2026-02-28 03:30:00","2026-02-28 02:45:00","2026-02-27 22:00:00","2026-02-28 02:45:00",0,0,2,\0,\0,\0
CHFJPY,12,"2026-02-28 03:15:00",203.38600,203.38600,201.72500,202.88400,203.04500,202.88400,202.31500,202.88400,203.38600,202.88400,"2026-02-28 00:30:00","2026-02-28 00:30:00","2026-02-27 20:30:00","2026-02-28 02:45:00","2026-02-28 03:15:00","2026-02-28 02:45:00","2026-02-27 22:00:00","2026-02-28 02:45:00",0,0,2,\0,\0,\0
CHFJPY,12,"2026-02-28 03:00:00",203.38600,203.38600,201.72500,202.88400,202.88400,202.88400,202.31500,202.88400,203.38600,202.88400,"2026-02-28 00:30:00","2026-02-28 00:30:00","2026-02-27 20:30:00","2026-02-28 02:45:00","2026-02-28 02:45:00","2026-02-28 02:45:00","2026-02-27 22:00:00","2026-02-28 02:45:00",0,0,2,\0,\0,\0
CHFJPY,12,"2026-02-28 02:45:00",203.38600,203.38600,201.72500,201.72500,203.38600,202.88400,202.31500,202.88400,203.38600,202.88400,"2026-02-28 00:30:00","2026-02-28 00:30:00","2026-02-27 20:30:00","2026-02-27 20:30:00","2026-02-28 00:30:00","2026-02-28 02:45:00","2026-02-27 22:00:00","2026-02-28 02:45:00",0,1,1,,,\0
CHFJPY,12,"2026-02-28 02:30:00",203.38600,203.38600,201.72500,201.72500,203.38600,202.89000,202.31500,201.80600,203.38600,202.89000,"2026-02-28 00:30:00","2026-02-28 00:30:00","2026-02-27 20:30:00","2026-02-27 20:30:00","2026-02-28 00:30:00","2026-02-28 01:00:00","2026-02-27 22:00:00","2026-02-27 20:00:00",0,0,1,,,\0
CHFJPY,12,"2026-02-28 02:15:00",203.38600,203.38600,201.72500,201.72500,203.38600,202.89000,202.31500,201.80600,203.38600,202.89000,"2026-02-28 00:30:00","2026-02-28 00:30:00","2026-02-27 20:30:00","2026-02-27 20:30:00","2026-02-28 00:30:00","2026-02-28 01:00:00","2026-02-27 22:00:00","2026-02-27 20:00:00",0,0,1,,,\0
CHFJPY,12,"2026-02-28 02:00:00",203.38600,203.38600,201.72500,201.72500,203.38600,202.89000,202.31500,201.80600,203.38600,202.89000,"2026-02-28 00:30:00","2026-02-28 00:30:00","2026-02-27 20:30:00","2026-02-27 20:30:00","2026-02-28 00:30:00","2026-02-28 01:00:00","2026-02-27 22:00:00","2026-02-27 20:00:00",0,0,1,,,\0
EURGBP,12,"2026-02-28 06:45:00",0.87892,0.87892,0.87458,0.87518,0.87518,0.87518,0.87607,0.87676,0.87892,0.87518,"2026-02-28 02:00:00","2026-02-28 02:00:00","2026-02-27 18:45:00","2026-02-28 06:45:00","2026-02-28 06:45:00","2026-02-28 06:45:00","2026-02-27 20:15:00","2026-02-28 04:30:00",0,0,6,\0,\0,\0
EURGBP,12,"2026-02-28 06:30:00",0.87892,0.87892,0.87458,0.87647,0.87687,0.87647,0.87607,0.87676,0.87892,0.87647,"2026-02-28 02:00:00","2026-02-28 02:00:00","2026-02-27 18:45:00","2026-02-28 05:15:00","2026-02-28 06:15:00","2026-02-28 05:15:00","2026-02-27 20:15:00","2026-02-28 04:30:00",0,0,6,\0,\0,\0
EURGBP,12,"2026-02-28 06:15:00",0.87892,0.87892,0.87458,0.87647,0.87687,0.87647,0.87607,0.87676,0.87892,0.87647,"2026-02-28 02:00:00","2026-02-28 02:00:00","2026-02-27 18:45:00","2026-02-28 05:15:00","2026-02-28 06:15:00","2026-02-28 05:15:00","2026-02-27 20:15:00","2026-02-28 04:30:00",0,0,6,\0,\0,\0
EURGBP,12,"2026-02-28 06:00:00",0.87892,0.87892,0.87458,0.87647,0.87678,0.87647,0.87607,0.87676,0.87892,0.87647,"2026-02-28 02:00:00","2026-02-28 02:00:00","2026-02-27 18:45:00","2026-02-28 05:15:00","2026-02-28 05:30:00","2026-02-28 05:15:00","2026-02-27 20:15:00","2026-02-28 04:30:00",0,0,6,\0,\0,\0
EURGBP,12,"2026-02-28 05:45:00",0.87892,0.87892,0.87458,0.87647,0.87678,0.87647,0.87607,0.87676,0.87892,0.87647,"2026-02-28 02:00:00","2026-02-28 02:00:00","2026-02-27 18:45:00","2026-02-28 05:15:00","2026-02-28 05:30:00","2026-02-28 05:15:00","2026-02-27 20:15:00","2026-02-28 04:30:00",0,0,6,\0,\0,\0
EURGBP,12,"2026-02-28 05:30:00",0.87892,0.87892,0.87458,0.87647,0.87678,0.87647,0.87607,0.87676,0.87892,0.87647,"2026-02-28 02:00:00","2026-02-28 02:00:00","2026-02-27 18:45:00","2026-02-28 05:15:00","2026-02-28 05:30:00","2026-02-28 05:15:00","2026-02-27 20:15:00","2026-02-28 04:30:00",0,0,6,\0,\0,\0
EURGBP,12,"2026-02-28 05:15:00",0.87892,0.87892,0.87458,0.87647,0.87647,0.87647,0.87607,0.87676,0.87892,0.87647,"2026-02-28 02:00:00","2026-02-28 02:00:00","2026-02-27 18:45:00","2026-02-28 05:15:00","2026-02-28 05:15:00","2026-02-28 05:15:00","2026-02-27 20:15:00","2026-02-28 04:30:00",0,0,6,\0,\0,\0
EURGBP,12,"2026-02-28 05:00:00",0.87892,0.87892,0.87458,0.87667,0.87667,0.87667,0.87607,0.87676,0.87892,0.87667,"2026-02-28 02:00:00","2026-02-28 02:00:00","2026-02-27 18:45:00","2026-02-28 05:00:00","2026-02-28 05:00:00","2026-02-28 05:00:00","2026-02-27 20:15:00","2026-02-28 04:30:00",0,0,6,\0,\0,\0
EURGBP,12,"2026-02-28 04:45:00",0.87892,0.87892,0.87458,0.87671,0.87671,0.87671,0.87607,0.87676,0.87892,0.87671,"2026-02-28 02:00:00","2026-02-28 02:00:00","2026-02-27 18:45:00","2026-02-28 04:45:00","2026-02-28 04:45:00","2026-02-28 04:45:00","2026-02-27 20:15:00","2026-02-28 04:30:00",0,0,6,\0,\0,\0
EURGBP,12,"2026-02-28 04:30:00",0.87892,0.87892,0.87458,0.87676,0.87676,0.87676,0.87607,0.87676,0.87892,0.87676,"2026-02-28 02:00:00","2026-02-28 02:00:00","2026-02-27 18:45:00","2026-02-28 04:30:00","2026-02-28 04:30:00","2026-02-28 04:30:00","2026-02-27 20:15:00","2026-02-28 04:30:00",0,0,6,\0,\0,\0
EURGBP,12,"2026-02-28 04:15:00",0.87892,0.87892,0.87458,0.87458,0.87892,0.87694,0.87607,0.87694,0.87892,0.87694,"2026-02-28 02:00:00","2026-02-28 02:00:00","2026-02-27 18:45:00","2026-02-27 18:45:00","2026-02-28 02:00:00","2026-02-28 04:15:00","2026-02-27 20:15:00","2026-02-28 04:15:00",0,1,5,,,\0
EURGBP,12,"2026-02-28 04:00:00",0.87892,0.87892,0.87458,0.87458,0.87892,0.87701,0.87607,0.87511,0.87892,0.87701,"2026-02-28 02:00:00","2026-02-28 02:00:00","2026-02-27 18:45:00","2026-02-27 18:45:00","2026-02-28 02:00:00","2026-02-28 03:30:00","2026-02-27 20:15:00","2026-02-27 17:00:00",0,0,5,,,\0
EURGBP,12,"2026-02-28 03:45:00",0.87892,0.87892,0.87458,0.87458,0.87892,0.87701,0.87607,0.87511,0.87892,0.87701,"2026-02-28 02:00:00","2026-02-28 02:00:00","2026-02-27 18:45:00","2026-02-27 18:45:00","2026-02-28 02:00:00","2026-02-28 03:30:00","2026-02-27 20:15:00","2026-02-27 17:00:00",0,0,5,,,\0
EURGBP,12,"2026-02-28 03:30:00",0.87892,0.87892,0.87458,0.87458,0.87892,0.87701,0.87607,0.87511,0.87892,0.87701,"2026-02-28 02:00:00","2026-02-28 02:00:00","2026-02-27 18:45:00","2026-02-27 18:45:00","2026-02-28 02:00:00","2026-02-28 03:30:00","2026-02-27 20:15:00","2026-02-27 17:00:00",0,0,5,,,\0
EURGBP,12,"2026-02-28 03:15:00",0.87892,0.87892,0.87458,0.87458,0.87892,0.87717,0.87607,0.87511,0.87892,0.87717,"2026-02-28 02:00:00","2026-02-28 02:00:00","2026-02-27 18:45:00","2026-02-27 18:45:00","2026-02-28 02:00:00","2026-02-28 03:15:00","2026-02-27 20:15:00","2026-02-27 17:00:00",0,0,5,,,\0
EURGBP,12,"2026-02-28 03:00:00",0.87892,0.87892,0.87458,0.87458,0.87892,0.87745,0.87607,0.87511,0.87892,0.87745,"2026-02-28 02:00:00","2026-02-28 02:00:00","2026-02-27 18:45:00","2026-02-27 18:45:00","2026-02-28 02:00:00","2026-02-28 03:00:00","2026-02-27 20:15:00","2026-02-27 17:00:00",0,0,5,,,\0
EURGBP,12,"2026-02-28 02:45:00",0.87892,0.87892,0.87458,0.87458,0.87892,0.87780,0.87607,0.87511,0.87892,0.87780,"2026-02-28 02:00:00","2026-02-28 02:00:00","2026-02-27 18:45:00","2026-02-27 18:45:00","2026-02-28 02:00:00","2026-02-28 02:45:00","2026-02-27 20:15:00","2026-02-27 17:00:00",0,0,5,,,\0
EURGBP,12,"2026-02-28 02:30:00",0.87892,0.87892,0.87458,0.87458,0.87892,0.87782,0.87607,0.87511,0.87892,0.87782,"2026-02-28 02:00:00","2026-02-28 02:00:00","2026-02-27 18:45:00","2026-02-27 18:45:00","2026-02-28 02:00:00","2026-02-28 02:30:00","2026-02-27 20:15:00","2026-02-27 17:00:00",0,0,5,,,\0
EURGBP,12,"2026-02-28 02:15:00",0.87892,0.87892,0.87458,0.87458,0.87892,0.87810,0.87607,0.87511,0.87892,0.87810,"2026-02-28 02:00:00","2026-02-28 02:00:00","2026-02-27 18:45:00","2026-02-27 18:45:00","2026-02-28 02:00:00","2026-02-28 02:15:00","2026-02-27 20:15:00","2026-02-27 17:00:00",0,0,5,,,\0
EURGBP,12,"2026-02-28 02:00:00",0.87892,0.87892,0.87458,0.87458,0.87892,0.87892,0.87607,0.87511,0.87892,0.87892,"2026-02-28 02:00:00","2026-02-28 02:00:00","2026-02-27 18:45:00","2026-02-27 18:45:00","2026-02-28 02:00:00","2026-02-28 02:00:00","2026-02-27 20:15:00","2026-02-27 17:00:00",0,0,5,,,\0
EURJPY,12,"2026-02-28 06:45:00",184.55200,184.54000,183.93200,184.29100,184.54000,184.34400,184.54000,184.29100,184.55200,184.29100,"2026-02-28 02:00:00","2026-02-28 05:45:00","2026-02-27 20:30:00","2026-02-28 04:15:00","2026-02-28 05:45:00","2026-02-28 06:45:00","2026-02-28 05:45:00","2026-02-28 04:15:00",0,0,4,,\0,\0
EURJPY,12,"2026-02-28 06:30:00",184.55200,184.54000,183.93200,184.29100,184.54000,184.35100,184.54000,184.29100,184.55200,184.29100,"2026-02-28 02:00:00","2026-02-28 05:45:00","2026-02-27 20:30:00","2026-02-28 04:15:00","2026-02-28 05:45:00","2026-02-28 06:30:00","2026-02-28 05:45:00","2026-02-28 04:15:00",0,0,4,,\0,\0
EURJPY,12,"2026-02-28 06:15:00",184.55200,184.54000,183.93200,184.29100,184.54000,184.38300,184.54000,184.29100,184.55200,184.29100,"2026-02-28 02:00:00","2026-02-28 05:45:00","2026-02-27 20:30:00","2026-02-28 04:15:00","2026-02-28 05:45:00","2026-02-28 06:15:00","2026-02-28 05:45:00","2026-02-28 04:15:00",0,0,4,,\0,\0
EURJPY,12,"2026-02-28 06:00:00",184.55200,184.54000,183.93200,184.29100,184.54000,184.47700,184.54000,184.29100,184.55200,184.29100,"2026-02-28 02:00:00","2026-02-28 05:45:00","2026-02-27 20:30:00","2026-02-28 04:15:00","2026-02-28 05:45:00","2026-02-28 06:00:00","2026-02-28 05:45:00","2026-02-28 04:15:00",0,0,4,,\0,\0
EURJPY,12,"2026-02-28 05:45:00",184.55200,184.54000,183.93200,184.29100,184.54000,184.54000,184.54000,184.29100,184.55200,184.29100,"2026-02-28 02:00:00","2026-02-28 05:45:00","2026-02-27 20:30:00","2026-02-28 04:15:00","2026-02-28 05:45:00","2026-02-28 05:45:00","2026-02-28 05:45:00","2026-02-28 04:15:00",0,0,4,,\0,\0
EURJPY,12,"2026-02-28 05:30:00",184.55200,184.55200,183.93200,184.29100,184.49300,184.29100,184.49300,184.29100,184.55200,184.29100,"2026-02-28 02:00:00","2026-02-28 02:00:00","2026-02-27 20:30:00","2026-02-28 04:15:00","2026-02-28 05:15:00","2026-02-28 04:15:00","2026-02-28 05:15:00","2026-02-28 04:15:00",2,0,4,\0,\0,\0
EURJPY,12,"2026-02-28 05:15:00",184.55200,184.55200,183.93200,184.29100,184.49300,184.29100,184.49300,184.29100,184.55200,184.29100,"2026-02-28 02:00:00","2026-02-28 02:00:00","2026-02-27 20:30:00","2026-02-28 04:15:00","2026-02-28 05:15:00","2026-02-28 04:15:00","2026-02-28 05:15:00","2026-02-28 04:15:00",1,0,4,\0,\0,\0
EURJPY,12,"2026-02-28 05:00:00",184.55200,184.55200,183.93200,184.29100,184.43900,184.29100,184.20700,184.29100,184.55200,184.29100,"2026-02-28 02:00:00","2026-02-28 02:00:00","2026-02-27 20:30:00","2026-02-28 04:15:00","2026-02-28 05:00:00","2026-02-28 04:15:00","2026-02-27 22:15:00","2026-02-28 04:15:00",0,0,4,\0,\0,\0
EURJPY,12,"2026-02-28 04:45:00",184.55200,184.55200,183.93200,184.29100,184.41500,184.29100,184.20700,184.29100,184.55200,184.29100,"2026-02-28 02:00:00","2026-02-28 02:00:00","2026-02-27 20:30:00","2026-02-28 04:15:00","2026-02-28 04:45:00","2026-02-28 04:15:00","2026-02-27 22:15:00","2026-02-28 04:15:00",0,0,4,\0,\0,\0
EURJPY,12,"2026-02-28 04:30:00",184.55200,184.55200,183.93200,184.29100,184.29100,184.29100,184.20700,184.29100,184.55200,184.29100,"2026-02-28 02:00:00","2026-02-28 02:00:00","2026-02-27 20:30:00","2026-02-28 04:15:00","2026-02-28 04:15:00","2026-02-28 04:15:00","2026-02-27 22:15:00","2026-02-28 04:15:00",0,0,4,\0,\0,\0
EURJPY,12,"2026-02-28 04:15:00",184.55200,184.55200,183.93200,183.93200,184.55200,184.29100,184.20700,184.29100,184.55200,184.29100,"2026-02-28 02:00:00","2026-02-28 02:00:00","2026-02-27 20:30:00","2026-02-27 20:30:00","2026-02-28 02:00:00","2026-02-28 04:15:00","2026-02-27 22:15:00","2026-02-28 04:15:00",0,1,3,,,\0
EURJPY,12,"2026-02-28 04:00:00",184.55200,184.55200,183.93200,183.93200,184.55200,184.29900,184.20700,184.01900,184.55200,184.29900,"2026-02-28 02:00:00","2026-02-28 02:00:00","2026-02-27 20:30:00","2026-02-27 20:30:00","2026-02-28 02:00:00","2026-02-28 03:30:00","2026-02-27 22:15:00","2026-02-27 19:00:00",0,0,3,,,\0
EURJPY,12,"2026-02-28 03:45:00",184.55200,184.55200,183.93200,183.93200,184.55200,184.29900,184.20700,184.01900,184.55200,184.29900,"2026-02-28 02:00:00","2026-02-28 02:00:00","2026-02-27 20:30:00","2026-02-27 20:30:00","2026-02-28 02:00:00","2026-02-28 03:30:00","2026-02-27 22:15:00","2026-02-27 19:00:00",0,0,3,,,\0
EURJPY,12,"2026-02-28 03:30:00",184.55200,184.55200,183.93200,183.93200,184.55200,184.29900,184.20700,184.01900,184.55200,184.29900,"2026-02-28 02:00:00","2026-02-28 02:00:00","2026-02-27 20:30:00","2026-02-27 20:30:00","2026-02-28 02:00:00","2026-02-28 03:30:00","2026-02-27 22:15:00","2026-02-27 19:00:00",0,0,3,,,\0
EURJPY,12,"2026-02-28 03:15:00",184.55200,184.55200,183.93200,183.93200,184.55200,184.34400,184.20700,184.01900,184.55200,184.34400,"2026-02-28 02:00:00","2026-02-28 02:00:00","2026-02-27 20:30:00","2026-02-27 20:30:00","2026-02-28 02:00:00","2026-02-28 03:00:00","2026-02-27 22:15:00","2026-02-27 19:00:00",0,0,3,,,\0
EURJPY,12,"2026-02-28 03:00:00",184.55200,184.55200,183.93200,183.93200,184.55200,184.34400,184.20700,184.01900,184.55200,184.34400,"2026-02-28 02:00:00","2026-02-28 02:00:00","2026-02-27 20:30:00","2026-02-27 20:30:00","2026-02-28 02:00:00","2026-02-28 03:00:00","2026-02-27 22:15:00","2026-02-27 19:00:00",0,0,3,,,\0
EURJPY,12,"2026-02-28 02:45:00",184.55200,184.55200,183.93200,183.93200,184.55200,184.35400,184.20700,184.01900,184.55200,184.35400,"2026-02-28 02:00:00","2026-02-28 02:00:00","2026-02-27 20:30:00","2026-02-27 20:30:00","2026-02-28 02:00:00","2026-02-28 02:30:00","2026-02-27 22:15:00","2026-02-27 19:00:00",0,0,3,,,\0
EURJPY,12,"2026-02-28 02:30:00",184.55200,184.55200,183.93200,183.93200,184.55200,184.35400,184.20700,184.01900,184.55200,184.35400,"2026-02-28 02:00:00","2026-02-28 02:00:00","2026-02-27 20:30:00","2026-02-27 20:30:00","2026-02-28 02:00:00","2026-02-28 02:30:00","2026-02-27 22:15:00","2026-02-27 19:00:00",0,0,3,,,\0
EURJPY,12,"2026-02-28 02:15:00",184.55200,184.55200,183.93200,183.93200,184.55200,184.42400,184.20700,184.01900,184.55200,184.42400,"2026-02-28 02:00:00","2026-02-28 02:00:00","2026-02-27 20:30:00","2026-02-27 20:30:00","2026-02-28 02:00:00","2026-02-28 02:15:00","2026-02-27 22:15:00","2026-02-27 19:00:00",0,0,3,,,\0
EURJPY,12,"2026-02-28 02:00:00",184.55200,184.55200,183.93200,183.93200,184.55200,184.55200,184.20700,184.01900,184.55200,184.55200,"2026-02-28 02:00:00","2026-02-28 02:00:00","2026-02-27 20:30:00","2026-02-27 20:30:00","2026-02-28 02:00:00","2026-02-28 02:00:00","2026-02-27 22:15:00","2026-02-27 19:00:00",0,0,3,,,\0
EURUSD,12,"2026-02-28 06:45:00",1.18346,1.18268,1.17551,1.18103,1.18103,1.18103,1.18154,1.18103,1.18346,1.17660,"2026-02-23 08:45:00","2026-02-28 02:00:00","2026-02-21 00:00:00","2026-02-28 06:45:00","2026-02-28 06:45:00","2026-02-28 06:45:00","2026-02-27 23:30:00","2026-02-28 06:45:00",0,0,2,\0,\0,\0
EURUSD,12,"2026-02-28 06:30:00",1.18346,1.18268,1.17551,1.17904,1.18268,1.18109,1.18154,1.18111,1.18346,1.17660,"2026-02-23 08:45:00","2026-02-28 02:00:00","2026-02-21 00:00:00","2026-02-27 22:45:00","2026-02-28 02:00:00","2026-02-28 03:30:00","2026-02-27 23:30:00","2026-02-28 06:30:00",0,1,2,,\0,\0
EURUSD,12,"2026-02-28 06:15:00",1.18346,1.18268,1.17551,1.17904,1.18268,1.18109,1.18154,1.17912,1.18346,1.17660,"2026-02-23 08:45:00","2026-02-28 02:00:00","2026-02-21 00:00:00","2026-02-27 22:45:00","2026-02-28 02:00:00","2026-02-28 03:30:00","2026-02-27 23:30:00","2026-02-27 22:30:00",0,0,2,,\0,\0
EURUSD,12,"2026-02-28 06:00:00",1.18346,1.18268,1.17551,1.17904,1.18268,1.18109,1.18154,1.17912,1.18346,1.17660,"2026-02-23 08:45:00","2026-02-28 02:00:00","2026-02-21 00:00:00","2026-02-27 22:45:00","2026-02-28 02:00:00","2026-02-28 03:30:00","2026-02-27 23:30:00","2026-02-27 22:30:00",0,0,2,,\0,\0
EURUSD,12,"2026-02-28 05:45:00",1.18346,1.18268,1.17551,1.17904,1.18268,1.18109,1.18154,1.17912,1.18346,1.17660,"2026-02-23 08:45:00","2026-02-28 02:00:00","2026-02-21 00:00:00","2026-02-27 22:45:00","2026-02-28 02:00:00","2026-02-28 03:30:00","2026-02-27 23:30:00","2026-02-27 22:30:00",0,0,2,,\0,\0
EURUSD,12,"2026-02-28 05:30:00",1.18346,1.18268,1.17551,1.17904,1.18268,1.18109,1.18154,1.17912,1.18346,1.17660,"2026-02-23 08:45:00","2026-02-28 02:00:00","2026-02-21 00:00:00","2026-02-27 22:45:00","2026-02-28 02:00:00","2026-02-28 03:30:00","2026-02-27 23:30:00","2026-02-27 22:30:00",0,0,2,,\0,\0
EURUSD,12,"2026-02-28 05:15:00",1.18346,1.18268,1.17551,1.17904,1.18268,1.18109,1.18154,1.17912,1.18346,1.17660,"2026-02-23 08:45:00","2026-02-28 02:00:00","2026-02-21 00:00:00","2026-02-27 22:45:00","2026-02-28 02:00:00","2026-02-28 03:30:00","2026-02-27 23:30:00","2026-02-27 22:30:00",0,0,2,,\0,\0
EURUSD,12,"2026-02-28 05:00:00",1.18346,1.18268,1.17551,1.17904,1.18268,1.18109,1.18154,1.17912,1.18346,1.17660,"2026-02-23 08:45:00","2026-02-28 02:00:00","2026-02-21 00:00:00","2026-02-27 22:45:00","2026-02-28 02:00:00","2026-02-28 03:30:00","2026-02-27 23:30:00","2026-02-27 22:30:00",0,0,2,,\0,\0
EURUSD,12,"2026-02-28 04:45:00",1.18346,1.18268,1.17551,1.17904,1.18268,1.18109,1.18154,1.17912,1.18346,1.17660,"2026-02-23 08:45:00","2026-02-28 02:00:00","2026-02-21 00:00:00","2026-02-27 22:45:00","2026-02-28 02:00:00","2026-02-28 03:30:00","2026-02-27 23:30:00","2026-02-27 22:30:00",0,0,2,,\0,\0
EURUSD,12,"2026-02-28 04:30:00",1.18346,1.18268,1.17551,1.17904,1.18268,1.18109,1.18154,1.17912,1.18346,1.17660,"2026-02-23 08:45:00","2026-02-28 02:00:00","2026-02-21 00:00:00","2026-02-27 22:45:00","2026-02-28 02:00:00","2026-02-28 03:30:00","2026-02-27 23:30:00","2026-02-27 22:30:00",0,0,2,,\0,\0
EURUSD,12,"2026-02-28 04:15:00",1.18346,1.18268,1.17551,1.17904,1.18268,1.18109,1.18154,1.17912,1.18346,1.17660,"2026-02-23 08:45:00","2026-02-28 02:00:00","2026-02-21 00:00:00","2026-02-27 22:45:00","2026-02-28 02:00:00","2026-02-28 03:30:00","2026-02-27 23:30:00","2026-02-27 22:30:00",0,0,2,,\0,\0
EURUSD,12,"2026-02-28 04:00:00",1.18346,1.18268,1.17551,1.17904,1.18268,1.18109,1.18154,1.17912,1.18346,1.17660,"2026-02-23 08:45:00","2026-02-28 02:00:00","2026-02-21 00:00:00","2026-02-27 22:45:00","2026-02-28 02:00:00","2026-02-28 03:30:00","2026-02-27 23:30:00","2026-02-27 22:30:00",0,0,2,,\0,\0
EURUSD,12,"2026-02-28 03:45:00",1.18346,1.18268,1.17551,1.17904,1.18268,1.18109,1.18154,1.17912,1.18346,1.17660,"2026-02-23 08:45:00","2026-02-28 02:00:00","2026-02-21 00:00:00","2026-02-27 22:45:00","2026-02-28 02:00:00","2026-02-28 03:30:00","2026-02-27 23:30:00","2026-02-27 22:30:00",0,0,2,,\0,\0
EURUSD,12,"2026-02-28 03:30:00",1.18346,1.18268,1.17551,1.17904,1.18268,1.18109,1.18154,1.17912,1.18346,1.17660,"2026-02-23 08:45:00","2026-02-28 02:00:00","2026-02-21 00:00:00","2026-02-27 22:45:00","2026-02-28 02:00:00","2026-02-28 03:30:00","2026-02-27 23:30:00","2026-02-27 22:30:00",0,0,2,,\0,\0
EURUSD,12,"2026-02-28 03:15:00",1.18346,1.18268,1.17551,1.17904,1.18268,1.18118,1.18154,1.17912,1.18346,1.17660,"2026-02-23 08:45:00","2026-02-28 02:00:00","2026-02-21 00:00:00","2026-02-27 22:45:00","2026-02-28 02:00:00","2026-02-28 03:15:00","2026-02-27 23:30:00","2026-02-27 22:30:00",0,0,2,,\0,\0
EURUSD,12,"2026-02-28 03:00:00",1.18346,1.18268,1.17551,1.17904,1.18268,1.18132,1.18154,1.17912,1.18346,1.17660,"2026-02-23 08:45:00","2026-02-28 02:00:00","2026-02-21 00:00:00","2026-02-27 22:45:00","2026-02-28 02:00:00","2026-02-28 03:00:00","2026-02-27 23:30:00","2026-02-27 22:30:00",0,0,2,,\0,\0
EURUSD,12,"2026-02-28 02:45:00",1.18346,1.18268,1.17551,1.17904,1.18268,1.18154,1.18154,1.17912,1.18346,1.17660,"2026-02-23 08:45:00","2026-02-28 02:00:00","2026-02-21 00:00:00","2026-02-27 22:45:00","2026-02-28 02:00:00","2026-02-28 02:45:00","2026-02-27 23:30:00","2026-02-27 22:30:00",0,0,2,,\0,\0
EURUSD,12,"2026-02-28 02:30:00",1.18346,1.18268,1.17551,1.17904,1.18268,1.18171,1.18154,1.17912,1.18346,1.17660,"2026-02-23 08:45:00","2026-02-28 02:00:00","2026-02-21 00:00:00","2026-02-27 22:45:00","2026-02-28 02:00:00","2026-02-28 02:15:00","2026-02-27 23:30:00","2026-02-27 22:30:00",0,0,2,,\0,\0
EURUSD,12,"2026-02-28 02:15:00",1.18346,1.18268,1.17551,1.17904,1.18268,1.18171,1.18154,1.17912,1.18346,1.17660,"2026-02-23 08:45:00","2026-02-28 02:00:00","2026-02-21 00:00:00","2026-02-27 22:45:00","2026-02-28 02:00:00","2026-02-28 02:15:00","2026-02-27 23:30:00","2026-02-27 22:30:00",0,0,2,,\0,\0
EURUSD,12,"2026-02-28 02:00:00",1.18346,1.18268,1.17551,1.17904,1.18268,1.18268,1.18154,1.17912,1.18346,1.17660,"2026-02-23 08:45:00","2026-02-28 02:00:00","2026-02-21 00:00:00","2026-02-27 22:45:00","2026-02-28 02:00:00","2026-02-28 02:00:00","2026-02-27 23:30:00","2026-02-27 22:30:00",0,0,2,,\0,\0
GBPJPY,12,"2026-02-28 06:45:00",210.82800,210.49000,209.78800,209.78800,210.49000,210.26000,210.17500,210.14700,210.49000,209.78800,"2026-02-27 18:15:00","2026-02-28 05:15:00","2026-02-28 01:00:00","2026-02-28 01:00:00","2026-02-28 05:15:00","2026-02-28 06:30:00","2026-02-28 03:15:00","2026-02-27 19:30:00",0,0,-8,,\0,\0
GBPJPY,12,"2026-02-28 06:30:00",210.82800,210.49000,209.78800,209.78800,210.49000,210.26000,210.17500,210.14700,210.49000,209.78800,"2026-02-27 18:15:00","2026-02-28 05:15:00","2026-02-28 01:00:00","2026-02-28 01:00:00","2026-02-28 05:15:00","2026-02-28 06:30:00","2026-02-28 03:15:00","2026-02-27 19:30:00",0,0,-8,,\0,\0
GBPJPY,12,"2026-02-28 06:15:00",210.82800,210.49000,209.78800,209.78800,210.49000,210.29100,210.17500,210.14700,210.49000,209.78800,"2026-02-27 18:15:00","2026-02-28 05:15:00","2026-02-28 01:00:00","2026-02-28 01:00:00","2026-02-28 05:15:00","2026-02-28 06:15:00","2026-02-28 03:15:00","2026-02-27 19:30:00",0,0,-8,,\0,\0
GBPJPY,12,"2026-02-28 06:00:00",210.82800,210.49000,209.78800,209.78800,210.49000,210.36900,210.17500,210.14700,210.49000,209.78800,"2026-02-27 18:15:00","2026-02-28 05:15:00","2026-02-28 01:00:00","2026-02-28 01:00:00","2026-02-28 05:15:00","2026-02-28 05:30:00","2026-02-28 03:15:00","2026-02-27 19:30:00",0,0,-8,,\0,\0
GBPJPY,12,"2026-02-28 05:45:00",210.82800,210.49000,209.78800,209.78800,210.49000,210.36900,210.17500,210.14700,210.49000,209.78800,"2026-02-27 18:15:00","2026-02-28 05:15:00","2026-02-28 01:00:00","2026-02-28 01:00:00","2026-02-28 05:15:00","2026-02-28 05:30:00","2026-02-28 03:15:00","2026-02-27 19:30:00",0,0,-8,,\0,\0
GBPJPY,12,"2026-02-28 05:30:00",210.82800,210.49000,209.78800,209.78800,210.49000,210.36900,210.17500,210.14700,210.49000,209.78800,"2026-02-27 18:15:00","2026-02-28 05:15:00","2026-02-28 01:00:00","2026-02-28 01:00:00","2026-02-28 05:15:00","2026-02-28 05:30:00","2026-02-28 03:15:00","2026-02-27 19:30:00",0,0,-8,,\0,\0
GBPJPY,12,"2026-02-28 05:15:00",210.82800,210.49000,209.78800,209.78800,210.49000,210.49000,210.17500,210.14700,210.49000,209.78800,"2026-02-27 18:15:00","2026-02-28 05:15:00","2026-02-28 01:00:00","2026-02-28 01:00:00","2026-02-28 05:15:00","2026-02-28 05:15:00","2026-02-28 03:15:00","2026-02-27 19:30:00",0,0,-8,,\0,\0
GBPJPY,12,"2026-02-28 05:00:00",210.82800,210.37400,209.78800,209.78800,210.37400,210.37400,210.17500,210.14700,210.37400,209.78800,"2026-02-27 18:15:00","2026-02-28 05:00:00","2026-02-28 01:00:00","2026-02-28 01:00:00","2026-02-28 05:00:00","2026-02-28 05:00:00","2026-02-28 03:15:00","2026-02-27 19:30:00",0,0,-8,,\0,\0
GBPJPY,12,"2026-02-28 04:45:00",210.82800,210.32500,209.78800,209.78800,210.32500,210.32500,210.17500,210.14700,210.32500,209.78800,"2026-02-27 18:15:00","2026-02-28 04:45:00","2026-02-28 01:00:00","2026-02-28 01:00:00","2026-02-28 04:45:00","2026-02-28 04:45:00","2026-02-28 03:15:00","2026-02-27 19:30:00",0,0,-8,,\0,\0
GBPJPY,12,"2026-02-28 04:30:00",210.82800,210.25000,209.78800,209.78800,210.25000,210.25000,210.17500,210.14700,210.25000,209.78800,"2026-02-27 18:15:00","2026-02-28 04:30:00","2026-02-28 01:00:00","2026-02-28 01:00:00","2026-02-28 04:30:00","2026-02-28 04:30:00","2026-02-28 03:15:00","2026-02-27 19:30:00",0,0,-8,,\0,\0
GBPJPY,12,"2026-02-28 04:15:00",210.82800,210.20800,209.78800,209.78800,210.20800,210.10000,210.17500,210.14700,210.20800,209.78800,"2026-02-27 18:15:00","2026-02-28 03:45:00","2026-02-28 01:00:00","2026-02-28 01:00:00","2026-02-28 03:45:00","2026-02-28 04:15:00","2026-02-28 03:15:00","2026-02-27 19:30:00",0,0,-8,,\0,\0
GBPJPY,12,"2026-02-28 04:00:00",210.82800,210.20800,209.78800,209.78800,210.20800,210.13300,210.17500,210.14700,210.20800,209.78800,"2026-02-27 18:15:00","2026-02-28 03:45:00","2026-02-28 01:00:00","2026-02-28 01:00:00","2026-02-28 03:45:00","2026-02-28 04:00:00","2026-02-28 03:15:00","2026-02-27 19:30:00",0,0,-8,,\0,\0
GBPJPY,12,"2026-02-28 03:45:00",210.82800,210.20800,209.78800,209.78800,210.20800,210.20800,210.17500,210.14700,210.20800,209.78800,"2026-02-27 18:15:00","2026-02-28 03:45:00","2026-02-28 01:00:00","2026-02-28 01:00:00","2026-02-28 03:45:00","2026-02-28 03:45:00","2026-02-28 03:15:00","2026-02-27 19:30:00",0,0,-8,,\0,\0
GBPJPY,12,"2026-02-28 03:30:00",210.82800,210.20400,209.78800,209.78800,210.20400,210.20400,210.17500,210.14700,210.20400,209.78800,"2026-02-27 18:15:00","2026-02-28 03:30:00","2026-02-28 01:00:00","2026-02-28 01:00:00","2026-02-28 03:30:00","2026-02-28 03:30:00","2026-02-28 03:15:00","2026-02-27 19:30:00",0,0,-8,,\0,\0
GBPJPY,12,"2026-02-28 03:15:00",210.82800,210.17500,209.78800,209.78800,210.17500,210.17500,210.17500,210.14700,210.17500,209.78800,"2026-02-27 18:15:00","2026-02-28 03:15:00","2026-02-28 01:00:00","2026-02-28 01:00:00","2026-02-28 03:15:00","2026-02-28 03:15:00","2026-02-28 03:15:00","2026-02-27 19:30:00",0,0,-8,,\0,\0
GBPJPY,12,"2026-02-28 03:00:00",210.82800,210.82800,209.78800,209.78800,210.15300,209.78800,210.15300,210.14700,210.15300,209.78800,"2026-02-27 18:15:00","2026-02-27 18:15:00","2026-02-28 01:00:00","2026-02-28 01:00:00","2026-02-28 03:00:00","2026-02-28 01:00:00","2026-02-28 03:00:00","2026-02-27 19:30:00",1,0,-7,\0,\0,
GBPJPY,12,"2026-02-28 02:45:00",210.82800,210.82800,209.78800,209.78800,210.10000,209.78800,210.38900,210.14700,210.10000,209.78800,"2026-02-27 18:15:00","2026-02-27 18:15:00","2026-02-28 01:00:00","2026-02-28 01:00:00","2026-02-28 01:15:00","2026-02-28 01:00:00","2026-02-27 16:30:00","2026-02-27 19:30:00",0,0,-7,\0,\0,
GBPJPY,12,"2026-02-28 02:30:00",210.82800,210.82800,209.78800,209.78800,210.10000,209.78800,210.38900,210.14700,210.10000,209.78800,"2026-02-27 18:15:00","2026-02-27 18:15:00","2026-02-28 01:00:00","2026-02-28 01:00:00","2026-02-28 01:15:00","2026-02-28 01:00:00","2026-02-27 16:30:00","2026-02-27 19:30:00",0,0,-7,\0,\0,
GBPJPY,12,"2026-02-28 02:15:00",210.82800,210.82800,209.78800,209.78800,210.10000,209.78800,210.38900,210.14700,210.10000,209.78800,"2026-02-27 18:15:00","2026-02-27 18:15:00","2026-02-28 01:00:00","2026-02-28 01:00:00","2026-02-28 01:15:00","2026-02-28 01:00:00","2026-02-27 16:30:00","2026-02-27 19:30:00",0,0,-7,\0,\0,
GBPJPY,12,"2026-02-28 02:00:00",210.82800,210.82800,209.78800,209.78800,210.10000,209.78800,210.38900,210.14700,210.10000,209.78800,"2026-02-27 18:15:00","2026-02-27 18:15:00","2026-02-28 01:00:00","2026-02-28 01:00:00","2026-02-28 01:15:00","2026-02-28 01:00:00","2026-02-27 16:30:00","2026-02-27 19:30:00",0,0,-7,\0,\0,
GBPUSD,12,"2026-02-28 06:45:00",1.35077,1.34906,1.34395,1.34395,1.34906,1.34701,1.34737,1.34701,1.34906,1.34395,"2026-02-27 17:00:00","2026-02-28 05:30:00","2026-02-27 22:45:00","2026-02-27 22:45:00","2026-02-28 05:30:00","2026-02-28 06:45:00","2026-02-28 03:45:00","2026-02-28 06:45:00",0,1,-6,,\0,\0
GBPUSD,12,"2026-02-28 06:30:00",1.35077,1.34906,1.34395,1.34395,1.34906,1.34714,1.34737,1.34681,1.34906,1.34395,"2026-02-27 17:00:00","2026-02-28 05:30:00","2026-02-27 22:45:00","2026-02-27 22:45:00","2026-02-28 05:30:00","2026-02-28 06:30:00","2026-02-28 03:45:00","2026-02-27 20:00:00",0,0,-6,,\0,\0
GBPUSD,12,"2026-02-28 06:15:00",1.35077,1.34906,1.34395,1.34395,1.34906,1.34732,1.34737,1.34681,1.34906,1.34395,"2026-02-27 17:00:00","2026-02-28 05:30:00","2026-02-27 22:45:00","2026-02-27 22:45:00","2026-02-28 05:30:00","2026-02-28 06:00:00","2026-02-28 03:45:00","2026-02-27 20:00:00",0,0,-6,,\0,\0
GBPUSD,12,"2026-02-28 06:00:00",1.35077,1.34906,1.34395,1.34395,1.34906,1.34732,1.34737,1.34681,1.34906,1.34395,"2026-02-27 17:00:00","2026-02-28 05:30:00","2026-02-27 22:45:00","2026-02-27 22:45:00","2026-02-28 05:30:00","2026-02-28 06:00:00","2026-02-28 03:45:00","2026-02-27 20:00:00",0,0,-6,,\0,\0
GBPUSD,12,"2026-02-28 05:45:00",1.35077,1.34906,1.34395,1.34395,1.34906,1.34758,1.34737,1.34681,1.34906,1.34395,"2026-02-27 17:00:00","2026-02-28 05:30:00","2026-02-27 22:45:00","2026-02-27 22:45:00","2026-02-28 05:30:00","2026-02-28 05:45:00","2026-02-28 03:45:00","2026-02-27 20:00:00",0,0,-6,,\0,\0
GBPUSD,12,"2026-02-28 05:30:00",1.35077,1.34906,1.34395,1.34395,1.34906,1.34906,1.34737,1.34681,1.34906,1.34395,"2026-02-27 17:00:00","2026-02-28 05:30:00","2026-02-27 22:45:00","2026-02-27 22:45:00","2026-02-28 05:30:00","2026-02-28 05:30:00","2026-02-28 03:45:00","2026-02-27 20:00:00",0,0,-6,,\0,\0
GBPUSD,12,"2026-02-28 05:15:00",1.35077,1.34901,1.34395,1.34395,1.34901,1.34901,1.34737,1.34681,1.34901,1.34395,"2026-02-27 17:00:00","2026-02-28 05:15:00","2026-02-27 22:45:00","2026-02-27 22:45:00","2026-02-28 05:15:00","2026-02-28 05:15:00","2026-02-28 03:45:00","2026-02-27 20:00:00",0,0,-6,,\0,\0
GBPUSD,12,"2026-02-28 05:00:00",1.35077,1.34860,1.34395,1.34395,1.34860,1.34860,1.34737,1.34681,1.34860,1.34395,"2026-02-27 17:00:00","2026-02-28 05:00:00","2026-02-27 22:45:00","2026-02-27 22:45:00","2026-02-28 05:00:00","2026-02-28 05:00:00","2026-02-28 03:45:00","2026-02-27 20:00:00",0,0,-6,,\0,\0
GBPUSD,12,"2026-02-28 04:45:00",1.35077,1.34828,1.34395,1.34395,1.34828,1.34782,1.34737,1.34681,1.34828,1.34395,"2026-02-27 17:00:00","2026-02-28 04:30:00","2026-02-27 22:45:00","2026-02-27 22:45:00","2026-02-28 04:30:00","2026-02-28 04:45:00","2026-02-28 03:45:00","2026-02-27 20:00:00",0,0,-6,,\0,\0
GBPUSD,12,"2026-02-28 04:30:00",1.35077,1.34828,1.34395,1.34395,1.34828,1.34828,1.34737,1.34681,1.34828,1.34395,"2026-02-27 17:00:00","2026-02-28 04:30:00","2026-02-27 22:45:00","2026-02-27 22:45:00","2026-02-28 04:30:00","2026-02-28 04:30:00","2026-02-28 03:45:00","2026-02-27 20:00:00",0,0,-6,,\0,\0
GBPUSD,12,"2026-02-28 04:15:00",1.35077,1.34807,1.34395,1.34395,1.34807,1.34807,1.34737,1.34681,1.34807,1.34395,"2026-02-27 17:00:00","2026-02-28 04:15:00","2026-02-27 22:45:00","2026-02-27 22:45:00","2026-02-28 04:15:00","2026-02-28 04:15:00","2026-02-28 03:45:00","2026-02-27 20:00:00",0,0,-6,,\0,\0
GBPUSD,12,"2026-02-28 04:00:00",1.35077,1.34747,1.34395,1.34395,1.34747,1.34747,1.34737,1.34681,1.34766,1.34395,"2026-02-27 17:00:00","2026-02-28 04:00:00","2026-02-27 22:45:00","2026-02-27 22:45:00","2026-02-28 04:00:00","2026-02-28 04:00:00","2026-02-28 03:45:00","2026-02-27 20:00:00",0,0,-6,,\0,\0
GBPUSD,12,"2026-02-28 03:45:00",1.35077,1.34737,1.34395,1.34395,1.34737,1.34737,1.34737,1.34681,1.34766,1.34395,"2026-02-27 17:00:00","2026-02-28 03:45:00","2026-02-27 22:45:00","2026-02-27 22:45:00","2026-02-28 03:45:00","2026-02-28 03:45:00","2026-02-28 03:45:00","2026-02-27 20:00:00",0,0,-6,,\0,\0
GBPUSD,12,"2026-02-28 03:30:00",1.35077,1.35077,1.34395,1.34395,1.34766,1.34395,1.34717,1.34681,1.34766,1.34395,"2026-02-27 17:00:00","2026-02-27 17:00:00","2026-02-27 22:45:00","2026-02-27 22:45:00","2026-02-27 23:30:00","2026-02-27 22:45:00","2026-02-28 03:30:00","2026-02-27 20:00:00",1,0,-5,\0,\0,
GBPUSD,12,"2026-02-28 03:15:00",1.35077,1.35077,1.34395,1.34395,1.34766,1.34395,1.35077,1.34681,1.34766,1.34395,"2026-02-27 17:00:00","2026-02-27 17:00:00","2026-02-27 22:45:00","2026-02-27 22:45:00","2026-02-27 23:30:00","2026-02-27 22:45:00","2026-02-27 17:00:00","2026-02-27 20:00:00",0,0,-5,\0,\0,
GBPUSD,12,"2026-02-28 03:00:00",1.35077,1.35077,1.34395,1.34395,1.34766,1.34395,1.35077,1.34681,1.34766,1.34395,"2026-02-27 17:00:00","2026-02-27 17:00:00","2026-02-27 22:45:00","2026-02-27 22:45:00","2026-02-27 23:30:00","2026-02-27 22:45:00","2026-02-27 17:00:00","2026-02-27 20:00:00",0,0,-5,\0,\0,
GBPUSD,12,"2026-02-28 02:45:00",1.35077,1.35077,1.34395,1.34395,1.34766,1.34395,1.35077,1.34681,1.34766,1.34395,"2026-02-27 17:00:00","2026-02-27 17:00:00","2026-02-27 22:45:00","2026-02-27 22:45:00","2026-02-27 23:30:00","2026-02-27 22:45:00","2026-02-27 17:00:00","2026-02-27 20:00:00",0,0,-5,\0,\0,
GBPUSD,12,"2026-02-28 02:30:00",1.35077,1.35077,1.34395,1.34395,1.34766,1.34395,1.35077,1.34681,1.34766,1.34395,"2026-02-27 17:00:00","2026-02-27 17:00:00","2026-02-27 22:45:00","2026-02-27 22:45:00","2026-02-27 23:30:00","2026-02-27 22:45:00","2026-02-27 17:00:00","2026-02-27 20:00:00",0,0,-5,\0,\0,
GBPUSD,12,"2026-02-28 02:15:00",1.35077,1.35077,1.34395,1.34395,1.34766,1.34395,1.35077,1.34681,1.34766,1.34395,"2026-02-27 17:00:00","2026-02-27 17:00:00","2026-02-27 22:45:00","2026-02-27 22:45:00","2026-02-27 23:30:00","2026-02-27 22:45:00","2026-02-27 17:00:00","2026-02-27 20:00:00",0,0,-5,\0,\0,
GBPUSD,12,"2026-02-28 02:00:00",1.35077,1.35077,1.34395,1.34395,1.34766,1.34395,1.35077,1.34681,1.34766,1.34395,"2026-02-27 17:00:00","2026-02-27 17:00:00","2026-02-27 22:45:00","2026-02-27 22:45:00","2026-02-27 23:30:00","2026-02-27 22:45:00","2026-02-27 17:00:00","2026-02-27 20:00:00",0,0,-5,\0,\0,
NZDJPY,12,"2026-02-28 06:45:00",93.69300,93.69300,93.48200,93.48200,93.69300,93.53200,93.69300,93.52400,93.69300,93.53200,"2026-02-28 05:45:00","2026-02-28 05:45:00","2026-02-28 04:45:00","2026-02-28 04:45:00","2026-02-28 05:45:00","2026-02-28 06:45:00","2026-02-28 05:45:00","2026-02-28 03:30:00",0,0,5,,,\0
NZDJPY,12,"2026-02-28 06:30:00",93.69300,93.69300,93.48200,93.48200,93.69300,93.57300,93.69300,93.52400,93.69300,93.57300,"2026-02-28 05:45:00","2026-02-28 05:45:00","2026-02-28 04:45:00","2026-02-28 04:45:00","2026-02-28 05:45:00","2026-02-28 06:30:00","2026-02-28 05:45:00","2026-02-28 03:30:00",0,0,5,,,\0
NZDJPY,12,"2026-02-28 06:15:00",93.69300,93.69300,93.48200,93.48200,93.69300,93.57700,93.69300,93.52400,93.69300,93.57700,"2026-02-28 05:45:00","2026-02-28 05:45:00","2026-02-28 04:45:00","2026-02-28 04:45:00","2026-02-28 05:45:00","2026-02-28 06:15:00","2026-02-28 05:45:00","2026-02-28 03:30:00",0,0,5,,,\0
NZDJPY,12,"2026-02-28 06:00:00",93.69300,93.69300,93.48200,93.48200,93.69300,93.62300,93.69300,93.52400,93.69300,93.62300,"2026-02-28 05:45:00","2026-02-28 05:45:00","2026-02-28 04:45:00","2026-02-28 04:45:00","2026-02-28 05:45:00","2026-02-28 06:00:00","2026-02-28 05:45:00","2026-02-28 03:30:00",0,0,5,,,\0
NZDJPY,12,"2026-02-28 05:45:00",93.69300,93.69300,93.48200,93.48200,93.69300,93.69300,93.69300,93.52400,93.69300,93.69300,"2026-02-28 05:45:00","2026-02-28 05:45:00","2026-02-28 04:45:00","2026-02-28 04:45:00","2026-02-28 05:45:00","2026-02-28 05:45:00","2026-02-28 05:45:00","2026-02-28 03:30:00",0,0,5,,,\0
NZDJPY,12,"2026-02-28 05:30:00",93.68900,93.68900,93.21800,93.48200,93.64900,93.48200,93.64900,93.52400,93.68900,93.48200,"2026-02-28 00:45:00","2026-02-28 00:45:00","2026-02-27 21:45:00","2026-02-28 04:45:00","2026-02-28 05:15:00","2026-02-28 04:45:00","2026-02-28 05:15:00","2026-02-28 03:30:00",2,0,4,\0,\0,\0
NZDJPY,12,"2026-02-28 05:15:00",93.68900,93.68900,93.21800,93.48200,93.64900,93.48200,93.64900,93.52400,93.68900,93.48200,"2026-02-28 00:45:00","2026-02-28 00:45:00","2026-02-27 21:45:00","2026-02-28 04:45:00","2026-02-28 05:15:00","2026-02-28 04:45:00","2026-02-28 05:15:00","2026-02-28 03:30:00",1,0,4,\0,\0,\0
NZDJPY,12,"2026-02-28 05:00:00",93.68900,93.68900,93.21800,93.48200,93.60300,93.48200,93.41900,93.52400,93.68900,93.48200,"2026-02-28 00:45:00","2026-02-28 00:45:00","2026-02-27 21:45:00","2026-02-28 04:45:00","2026-02-28 05:00:00","2026-02-28 04:45:00","2026-02-27 23:15:00","2026-02-28 03:30:00",0,0,4,\0,\0,\0
NZDJPY,12,"2026-02-28 04:45:00",93.68900,93.68900,93.21800,93.48200,93.48200,93.48200,93.41900,93.52400,93.68900,93.48200,"2026-02-28 00:45:00","2026-02-28 00:45:00","2026-02-27 21:45:00","2026-02-28 04:45:00","2026-02-28 04:45:00","2026-02-28 04:45:00","2026-02-27 23:15:00","2026-02-28 03:30:00",0,0,4,\0,\0,\0
NZDJPY,12,"2026-02-28 04:30:00",93.68900,93.68900,93.21800,93.48300,93.48300,93.48300,93.41900,93.52400,93.68900,93.48300,"2026-02-28 00:45:00","2026-02-28 00:45:00","2026-02-27 21:45:00","2026-02-28 04:30:00","2026-02-28 04:30:00","2026-02-28 04:30:00","2026-02-27 23:15:00","2026-02-28 03:30:00",0,0,4,\0,\0,\0
NZDJPY,12,"2026-02-28 04:15:00",93.68900,93.68900,93.21800,93.49000,93.49000,93.49000,93.41900,93.52400,93.68900,93.49000,"2026-02-28 00:45:00","2026-02-28 00:45:00","2026-02-27 21:45:00","2026-02-28 04:15:00","2026-02-28 04:15:00","2026-02-28 04:15:00","2026-02-27 23:15:00","2026-02-28 03:30:00",0,0,4,\0,\0,\0
NZDJPY,12,"2026-02-28 04:00:00",93.68900,93.68900,93.21800,93.52400,93.59300,93.52400,93.41900,93.52400,93.68900,93.52400,"2026-02-28 00:45:00","2026-02-28 00:45:00","2026-02-27 21:45:00","2026-02-28 03:30:00","2026-02-28 04:00:00","2026-02-28 03:30:00","2026-02-27 23:15:00","2026-02-28 03:30:00",0,0,4,\0,\0,\0
NZDJPY,12,"2026-02-28 03:45:00",93.68900,93.68900,93.21800,93.52400,93.52400,93.52400,93.41900,93.52400,93.68900,93.52400,"2026-02-28 00:45:00","2026-02-28 00:45:00","2026-02-27 21:45:00","2026-02-28 03:30:00","2026-02-28 03:30:00","2026-02-28 03:30:00","2026-02-27 23:15:00","2026-02-28 03:30:00",0,0,4,\0,\0,\0
NZDJPY,12,"2026-02-28 03:30:00",93.68900,93.68900,93.21800,93.21800,93.68900,93.52400,93.41900,93.52400,93.68900,93.52400,"2026-02-28 00:45:00","2026-02-28 00:45:00","2026-02-27 21:45:00","2026-02-27 21:45:00","2026-02-28 00:45:00","2026-02-28 03:30:00","2026-02-27 23:15:00","2026-02-28 03:30:00",0,1,3,,,\0
NZDJPY,12,"2026-02-28 03:15:00",93.68900,93.68900,93.21800,93.21800,93.68900,93.53500,93.41900,93.30400,93.68900,93.53500,"2026-02-28 00:45:00","2026-02-28 00:45:00","2026-02-27 21:45:00","2026-02-27 21:45:00","2026-02-28 00:45:00","2026-02-28 02:30:00","2026-02-27 23:15:00","2026-02-27 19:00:00",0,0,3,,,\0
NZDJPY,12,"2026-02-28 03:00:00",93.68900,93.68900,93.21800,93.21800,93.68900,93.53500,93.41900,93.30400,93.68900,93.53500,"2026-02-28 00:45:00","2026-02-28 00:45:00","2026-02-27 21:45:00","2026-02-27 21:45:00","2026-02-28 00:45:00","2026-02-28 02:30:00","2026-02-27 23:15:00","2026-02-27 19:00:00",0,0,3,,,\0
NZDJPY,12,"2026-02-28 02:45:00",93.68900,93.68900,93.21800,93.21800,93.68900,93.53500,93.41900,93.30400,93.68900,93.53500,"2026-02-28 00:45:00","2026-02-28 00:45:00","2026-02-27 21:45:00","2026-02-27 21:45:00","2026-02-28 00:45:00","2026-02-28 02:30:00","2026-02-27 23:15:00","2026-02-27 19:00:00",0,0,3,,,\0
NZDJPY,12,"2026-02-28 02:30:00",93.68900,93.68900,93.21800,93.21800,93.68900,93.53500,93.41900,93.30400,93.68900,93.53500,"2026-02-28 00:45:00","2026-02-28 00:45:00","2026-02-27 21:45:00","2026-02-27 21:45:00","2026-02-28 00:45:00","2026-02-28 02:30:00","2026-02-27 23:15:00","2026-02-27 19:00:00",0,0,3,,,\0
NZDJPY,12,"2026-02-28 02:15:00",93.68900,93.68900,93.21800,93.21800,93.68900,93.55100,93.41900,93.30400,93.68900,93.55100,"2026-02-28 00:45:00","2026-02-28 00:45:00","2026-02-27 21:45:00","2026-02-27 21:45:00","2026-02-28 00:45:00","2026-02-28 02:15:00","2026-02-27 23:15:00","2026-02-27 19:00:00",0,0,3,,,\0
NZDJPY,12,"2026-02-28 02:00:00",93.68900,93.68900,93.21800,93.21800,93.68900,93.56100,93.41900,93.30400,93.68900,93.56100,"2026-02-28 00:45:00","2026-02-28 00:45:00","2026-02-27 21:45:00","2026-02-27 21:45:00","2026-02-28 00:45:00","2026-02-28 01:30:00","2026-02-27 23:15:00","2026-02-27 19:00:00",0,0,3,,,\0
NZDUSD,12,"2026-02-28 06:45:00",0.60048,0.60048,0.59704,0.59900,0.59900,0.59900,0.59948,0.59900,0.60048,0.59900,"2026-02-28 01:15:00","2026-02-28 01:15:00","2026-02-27 22:30:00","2026-02-28 06:45:00","2026-02-28 06:45:00","2026-02-28 06:45:00","2026-02-28 00:00:00","2026-02-28 06:45:00",0,0,2,\0,\0,\0
NZDUSD,12,"2026-02-28 06:30:00",0.60048,0.60048,0.59704,0.59704,0.60048,0.59928,0.59948,0.59928,0.60048,0.59928,"2026-02-28 01:15:00","2026-02-28 01:15:00","2026-02-27 22:30:00","2026-02-27 22:30:00","2026-02-28 01:15:00","2026-02-28 06:30:00","2026-02-28 00:00:00","2026-02-28 06:30:00",0,1,1,,,\0
NZDUSD,12,"2026-02-28 06:15:00",0.60048,0.60048,0.59704,0.59704,0.60048,0.59937,0.59948,0.59850,0.60048,0.59937,"2026-02-28 01:15:00","2026-02-28 01:15:00","2026-02-27 22:30:00","2026-02-27 22:30:00","2026-02-28 01:15:00","2026-02-28 02:15:00","2026-02-28 00:00:00","2026-02-27 15:15:00",0,0,1,,,\0
NZDUSD,12,"2026-02-28 06:00:00",0.60048,0.60048,0.59704,0.59704,0.60048,0.59937,0.59948,0.59850,0.60048,0.59937,"2026-02-28 01:15:00","2026-02-28 01:15:00","2026-02-27 22:30:00","2026-02-27 22:30:00","2026-02-28 01:15:00","2026-02-28 02:15:00","2026-02-28 00:00:00","2026-02-27 15:15:00",0,0,1,,,\0
NZDUSD,12,"2026-02-28 05:45:00",0.60048,0.60048,0.59704,0.59704,0.60048,0.59937,0.59948,0.59850,0.60048,0.59937,"2026-02-28 01:15:00","2026-02-28 01:15:00","2026-02-27 22:30:00","2026-02-27 22:30:00","2026-02-28 01:15:00","2026-02-28 02:15:00","2026-02-28 00:00:00","2026-02-27 15:15:00",0,0,1,,,\0
NZDUSD,12,"2026-02-28 05:30:00",0.60048,0.60048,0.59704,0.59704,0.60048,0.59937,0.59948,0.59850,0.60048,0.59937,"2026-02-28 01:15:00","2026-02-28 01:15:00","2026-02-27 22:30:00","2026-02-27 22:30:00","2026-02-28 01:15:00","2026-02-28 02:15:00","2026-02-28 00:00:00","2026-02-27 15:15:00",0,0,1,,,\0
NZDUSD,12,"2026-02-28 05:15:00",0.60048,0.60048,0.59704,0.59704,0.60048,0.59937,0.59948,0.59850,0.60048,0.59937,"2026-02-28 01:15:00","2026-02-28 01:15:00","2026-02-27 22:30:00","2026-02-27 22:30:00","2026-02-28 01:15:00","2026-02-28 02:15:00","2026-02-28 00:00:00","2026-02-27 15:15:00",0,0,1,,,\0
NZDUSD,12,"2026-02-28 05:00:00",0.60048,0.60048,0.59704,0.59704,0.60048,0.59937,0.59948,0.59850,0.60048,0.59937,"2026-02-28 01:15:00","2026-02-28 01:15:00","2026-02-27 22:30:00","2026-02-27 22:30:00","2026-02-28 01:15:00","2026-02-28 02:15:00","2026-02-28 00:00:00","2026-02-27 15:15:00",0,0,1,,,\0
NZDUSD,12,"2026-02-28 04:45:00",0.60048,0.60048,0.59704,0.59704,0.60048,0.59937,0.59948,0.59850,0.60048,0.59937,"2026-02-28 01:15:00","2026-02-28 01:15:00","2026-02-27 22:30:00","2026-02-27 22:30:00","2026-02-28 01:15:00","2026-02-28 02:15:00","2026-02-28 00:00:00","2026-02-27 15:15:00",0,0,1,,,\0
NZDUSD,12,"2026-02-28 04:30:00",0.60048,0.60048,0.59704,0.59704,0.60048,0.59937,0.59948,0.59850,0.60048,0.59937,"2026-02-28 01:15:00","2026-02-28 01:15:00","2026-02-27 22:30:00","2026-02-27 22:30:00","2026-02-28 01:15:00","2026-02-28 02:15:00","2026-02-28 00:00:00","2026-02-27 15:15:00",0,0,1,,,\0
NZDUSD,12,"2026-02-28 04:15:00",0.60048,0.60048,0.59704,0.59704,0.60048,0.59937,0.59948,0.59850,0.60048,0.59937,"2026-02-28 01:15:00","2026-02-28 01:15:00","2026-02-27 22:30:00","2026-02-27 22:30:00","2026-02-28 01:15:00","2026-02-28 02:15:00","2026-02-28 00:00:00","2026-02-27 15:15:00",0,0,1,,,\0
NZDUSD,12,"2026-02-28 04:00:00",0.60048,0.60048,0.59704,0.59704,0.60048,0.59937,0.59948,0.59850,0.60048,0.59937,"2026-02-28 01:15:00","2026-02-28 01:15:00","2026-02-27 22:30:00","2026-02-27 22:30:00","2026-02-28 01:15:00","2026-02-28 02:15:00","2026-02-28 00:00:00","2026-02-27 15:15:00",0,0,1,,,\0
NZDUSD,12,"2026-02-28 03:45:00",0.60048,0.60048,0.59704,0.59704,0.60048,0.59937,0.59948,0.59850,0.60048,0.59937,"2026-02-28 01:15:00","2026-02-28 01:15:00","2026-02-27 22:30:00","2026-02-27 22:30:00","2026-02-28 01:15:00","2026-02-28 02:15:00","2026-02-28 00:00:00","2026-02-27 15:15:00",0,0,1,,,\0
NZDUSD,12,"2026-02-28 03:30:00",0.60048,0.60048,0.59704,0.59704,0.60048,0.59937,0.59948,0.59850,0.60048,0.59937,"2026-02-28 01:15:00","2026-02-28 01:15:00","2026-02-27 22:30:00","2026-02-27 22:30:00","2026-02-28 01:15:00","2026-02-28 02:15:00","2026-02-28 00:00:00","2026-02-27 15:15:00",0,0,1,,,\0
NZDUSD,12,"2026-02-28 03:15:00",0.60048,0.60048,0.59704,0.59704,0.60048,0.59937,0.59948,0.59850,0.60048,0.59937,"2026-02-28 01:15:00","2026-02-28 01:15:00","2026-02-27 22:30:00","2026-02-27 22:30:00","2026-02-28 01:15:00","2026-02-28 02:15:00","2026-02-28 00:00:00","2026-02-27 15:15:00",0,0,1,,,\0
NZDUSD,12,"2026-02-28 03:00:00",0.60048,0.60048,0.59704,0.59704,0.60048,0.59937,0.59948,0.59850,0.60048,0.59937,"2026-02-28 01:15:00","2026-02-28 01:15:00","2026-02-27 22:30:00","2026-02-27 22:30:00","2026-02-28 01:15:00","2026-02-28 02:15:00","2026-02-28 00:00:00","2026-02-27 15:15:00",0,0,1,,,\0
NZDUSD,12,"2026-02-28 02:45:00",0.60048,0.60048,0.59704,0.59704,0.60048,0.59937,0.59948,0.59850,0.60048,0.59937,"2026-02-28 01:15:00","2026-02-28 01:15:00","2026-02-27 22:30:00","2026-02-27 22:30:00","2026-02-28 01:15:00","2026-02-28 02:15:00","2026-02-28 00:00:00","2026-02-27 15:15:00",0,0,1,,,\0
NZDUSD,12,"2026-02-28 02:30:00",0.60048,0.60048,0.59704,0.59704,0.60048,0.59937,0.59948,0.59850,0.60048,0.59937,"2026-02-28 01:15:00","2026-02-28 01:15:00","2026-02-27 22:30:00","2026-02-27 22:30:00","2026-02-28 01:15:00","2026-02-28 02:15:00","2026-02-28 00:00:00","2026-02-27 15:15:00",0,0,1,,,\0
NZDUSD,12,"2026-02-28 02:15:00",0.60048,0.60048,0.59704,0.59704,0.60048,0.59937,0.59948,0.59850,0.60048,0.59937,"2026-02-28 01:15:00","2026-02-28 01:15:00","2026-02-27 22:30:00","2026-02-27 22:30:00","2026-02-28 01:15:00","2026-02-28 02:15:00","2026-02-28 00:00:00","2026-02-27 15:15:00",0,0,1,,,\0
NZDUSD,12,"2026-02-28 02:00:00",0.60048,0.60048,0.59704,0.59704,0.60048,0.59950,0.59948,0.59850,0.60048,0.59950,"2026-02-28 01:15:00","2026-02-28 01:15:00","2026-02-27 22:30:00","2026-02-27 22:30:00","2026-02-28 01:15:00","2026-02-28 01:45:00","2026-02-28 00:00:00","2026-02-27 15:15:00",0,0,1,,,\0
USDCAD,12,"2026-02-28 06:45:00",1.36845,1.36521,1.36249,1.36249,1.36521,1.36375,1.36465,1.36603,1.36521,1.36249,"2026-02-27 22:30:00","2026-02-28 06:30:00","2026-02-28 02:00:00","2026-02-28 02:00:00","2026-02-28 06:30:00","2026-02-28 06:45:00","2026-02-28 06:00:00","2026-02-27 23:15:00",0,0,-2,,\0,\0
USDCAD,12,"2026-02-28 06:30:00",1.36845,1.36521,1.36249,1.36249,1.36521,1.36521,1.36465,1.36603,1.36521,1.36249,"2026-02-27 22:30:00","2026-02-28 06:30:00","2026-02-28 02:00:00","2026-02-28 02:00:00","2026-02-28 06:30:00","2026-02-28 06:30:00","2026-02-28 06:00:00","2026-02-27 23:15:00",0,0,-2,,\0,\0
USDCAD,12,"2026-02-28 06:15:00",1.36845,1.36503,1.36249,1.36249,1.36503,1.36503,1.36465,1.36603,1.36503,1.36249,"2026-02-27 22:30:00","2026-02-28 06:15:00","2026-02-28 02:00:00","2026-02-28 02:00:00","2026-02-28 06:15:00","2026-02-28 06:15:00","2026-02-28 06:00:00","2026-02-27 23:15:00",0,0,-2,,\0,\0
USDCAD,12,"2026-02-28 06:00:00",1.36845,1.36465,1.36249,1.36249,1.36465,1.36465,1.36465,1.36603,1.36465,1.36249,"2026-02-27 22:30:00","2026-02-28 06:00:00","2026-02-28 02:00:00","2026-02-28 02:00:00","2026-02-28 06:00:00","2026-02-28 06:00:00","2026-02-28 06:00:00","2026-02-27 23:15:00",0,0,-2,,\0,\0
USDCAD,12,"2026-02-28 05:45:00",1.36845,1.36845,1.36249,1.36249,1.36404,1.36249,1.36404,1.36603,1.36404,1.36249,"2026-02-27 22:30:00","2026-02-27 22:30:00","2026-02-28 02:00:00","2026-02-28 02:00:00","2026-02-28 05:45:00","2026-02-28 02:00:00","2026-02-28 05:45:00","2026-02-27 23:15:00",1,0,-1,\0,\0,
USDCAD,12,"2026-02-28 05:30:00",1.36845,1.36845,1.36249,1.36249,1.36351,1.36249,1.36845,1.36603,1.36351,1.36249,"2026-02-27 22:30:00","2026-02-27 22:30:00","2026-02-28 02:00:00","2026-02-28 02:00:00","2026-02-28 04:30:00","2026-02-28 02:00:00","2026-02-27 22:30:00","2026-02-27 23:15:00",0,0,-1,\0,\0,
USDCAD,12,"2026-02-28 05:15:00",1.36845,1.36845,1.36249,1.36249,1.36351,1.36249,1.36845,1.36603,1.36351,1.36249,"2026-02-27 22:30:00","2026-02-27 22:30:00","2026-02-28 02:00:00","2026-02-28 02:00:00","2026-02-28 04:30:00","2026-02-28 02:00:00","2026-02-27 22:30:00","2026-02-27 23:15:00",0,0,-1,\0,\0,
USDCAD,12,"2026-02-28 05:00:00",1.36845,1.36845,1.36249,1.36249,1.36351,1.36249,1.36845,1.36603,1.36351,1.36249,"2026-02-27 22:30:00","2026-02-27 22:30:00","2026-02-28 02:00:00","2026-02-28 02:00:00","2026-02-28 04:30:00","2026-02-28 02:00:00","2026-02-27 22:30:00","2026-02-27 23:15:00",0,0,-1,\0,\0,
USDCAD,12,"2026-02-28 04:45:00",1.36845,1.36845,1.36249,1.36249,1.36351,1.36249,1.36845,1.36603,1.36351,1.36249,"2026-02-27 22:30:00","2026-02-27 22:30:00","2026-02-28 02:00:00","2026-02-28 02:00:00","2026-02-28 04:30:00","2026-02-28 02:00:00","2026-02-27 22:30:00","2026-02-27 23:15:00",0,0,-1,\0,\0,
USDCAD,12,"2026-02-28 04:30:00",1.36845,1.36845,1.36249,1.36249,1.36351,1.36249,1.36845,1.36603,1.36351,1.36249,"2026-02-27 22:30:00","2026-02-27 22:30:00","2026-02-28 02:00:00","2026-02-28 02:00:00","2026-02-28 04:30:00","2026-02-28 02:00:00","2026-02-27 22:30:00","2026-02-27 23:15:00",0,0,-1,\0,\0,
USDCAD,12,"2026-02-28 04:15:00",1.36845,1.36845,1.36249,1.36249,1.36349,1.36249,1.36845,1.36603,1.36349,1.36249,"2026-02-27 22:30:00","2026-02-27 22:30:00","2026-02-28 02:00:00","2026-02-28 02:00:00","2026-02-28 02:15:00","2026-02-28 02:00:00","2026-02-27 22:30:00","2026-02-27 23:15:00",0,0,-1,\0,\0,
USDCAD,12,"2026-02-28 04:00:00",1.36845,1.36845,1.36249,1.36249,1.36349,1.36249,1.36845,1.36603,1.36349,1.36249,"2026-02-27 22:30:00","2026-02-27 22:30:00","2026-02-28 02:00:00","2026-02-28 02:00:00","2026-02-28 02:15:00","2026-02-28 02:00:00","2026-02-27 22:30:00","2026-02-27 23:15:00",0,0,-1,\0,\0,
USDCAD,12,"2026-02-28 03:45:00",1.36845,1.36845,1.36249,1.36249,1.36349,1.36249,1.36845,1.36603,1.36349,1.36249,"2026-02-27 22:30:00","2026-02-27 22:30:00","2026-02-28 02:00:00","2026-02-28 02:00:00","2026-02-28 02:15:00","2026-02-28 02:00:00","2026-02-27 22:30:00","2026-02-27 23:15:00",0,0,-1,\0,\0,
USDCAD,12,"2026-02-28 03:30:00",1.36845,1.36845,1.36249,1.36249,1.36349,1.36249,1.36845,1.36603,1.36349,1.36249,"2026-02-27 22:30:00","2026-02-27 22:30:00","2026-02-28 02:00:00","2026-02-28 02:00:00","2026-02-28 02:15:00","2026-02-28 02:00:00","2026-02-27 22:30:00","2026-02-27 23:15:00",0,0,-1,\0,\0,
USDCAD,12,"2026-02-28 03:15:00",1.36845,1.36845,1.36249,1.36249,1.36349,1.36249,1.36845,1.36603,1.36349,1.36249,"2026-02-27 22:30:00","2026-02-27 22:30:00","2026-02-28 02:00:00","2026-02-28 02:00:00","2026-02-28 02:15:00","2026-02-28 02:00:00","2026-02-27 22:30:00","2026-02-27 23:15:00",0,0,-1,\0,\0,
USDCAD,12,"2026-02-28 03:00:00",1.36845,1.36845,1.36249,1.36249,1.36349,1.36249,1.36845,1.36603,1.36349,1.36249,"2026-02-27 22:30:00","2026-02-27 22:30:00","2026-02-28 02:00:00","2026-02-28 02:00:00","2026-02-28 02:15:00","2026-02-28 02:00:00","2026-02-27 22:30:00","2026-02-27 23:15:00",0,0,-1,\0,\0,
USDCAD,12,"2026-02-28 02:45:00",1.36845,1.36845,1.36249,1.36249,1.36349,1.36249,1.36845,1.36603,1.36349,1.36249,"2026-02-27 22:30:00","2026-02-27 22:30:00","2026-02-28 02:00:00","2026-02-28 02:00:00","2026-02-28 02:15:00","2026-02-28 02:00:00","2026-02-27 22:30:00","2026-02-27 23:15:00",0,0,-1,\0,\0,
USDCAD,12,"2026-02-28 02:30:00",1.36845,1.36845,1.36249,1.36249,1.36349,1.36249,1.36845,1.36603,1.36349,1.36249,"2026-02-27 22:30:00","2026-02-27 22:30:00","2026-02-28 02:00:00","2026-02-28 02:00:00","2026-02-28 02:15:00","2026-02-28 02:00:00","2026-02-27 22:30:00","2026-02-27 23:15:00",0,0,-1,\0,\0,
USDCAD,12,"2026-02-28 02:15:00",1.36845,1.36845,1.36249,1.36249,1.36349,1.36249,1.36845,1.36603,1.36349,1.36249,"2026-02-27 22:30:00","2026-02-27 22:30:00","2026-02-28 02:00:00","2026-02-28 02:00:00","2026-02-28 02:15:00","2026-02-28 02:00:00","2026-02-27 22:30:00","2026-02-27 23:15:00",0,0,-1,\0,\0,
USDCAD,12,"2026-02-28 02:00:00",1.36845,1.36845,1.36249,1.36249,1.36249,1.36249,1.36845,1.36603,1.36249,1.36249,"2026-02-27 22:30:00","2026-02-27 22:30:00","2026-02-28 02:00:00","2026-02-28 02:00:00","2026-02-28 02:00:00","2026-02-28 02:00:00","2026-02-27 22:30:00","2026-02-27 23:15:00",0,0,-1,\0,\0,
USDCHF,12,"2026-02-28 06:45:00",0.77374,0.76959,0.76712,0.76712,0.76959,0.76959,0.76959,0.77220,0.76959,0.76712,"2026-02-27 16:15:00","2026-02-28 06:45:00","2026-02-28 00:30:00","2026-02-28 00:30:00","2026-02-28 06:45:00","2026-02-28 06:45:00","2026-02-28 06:45:00","2026-02-27 17:00:00",0,0,-4,,\0,\0
USDCHF,12,"2026-02-28 06:30:00",0.77374,0.77374,0.76712,0.76712,0.76918,0.76712,0.76909,0.77220,0.76918,0.76712,"2026-02-27 16:15:00","2026-02-27 16:15:00","2026-02-28 00:30:00","2026-02-28 00:30:00","2026-02-28 01:00:00","2026-02-28 00:30:00","2026-02-28 06:30:00","2026-02-27 17:00:00",1,0,-3,\0,\0,
USDCHF,12,"2026-02-28 06:15:00",0.77374,0.77374,0.76712,0.76712,0.76918,0.76712,0.77374,0.77220,0.76918,0.76712,"2026-02-27 16:15:00","2026-02-27 16:15:00","2026-02-28 00:30:00","2026-02-28 00:30:00","2026-02-28 01:00:00","2026-02-28 00:30:00","2026-02-27 16:15:00","2026-02-27 17:00:00",0,0,-3,\0,\0,
USDCHF,12,"2026-02-28 06:00:00",0.77374,0.77374,0.76712,0.76712,0.76918,0.76712,0.77374,0.77220,0.76918,0.76712,"2026-02-27 16:15:00","2026-02-27 16:15:00","2026-02-28 00:30:00","2026-02-28 00:30:00","2026-02-28 01:00:00","2026-02-28 00:30:00","2026-02-27 16:15:00","2026-02-27 17:00:00",0,0,-3,\0,\0,
USDCHF,12,"2026-02-28 05:45:00",0.77374,0.77374,0.76712,0.76712,0.76918,0.76712,0.77374,0.77220,0.76918,0.76712,"2026-02-27 16:15:00","2026-02-27 16:15:00","2026-02-28 00:30:00","2026-02-28 00:30:00","2026-02-28 01:00:00","2026-02-28 00:30:00","2026-02-27 16:15:00","2026-02-27 17:00:00",0,0,-3,\0,\0,
USDCHF,12,"2026-02-28 05:30:00",0.77374,0.77374,0.76712,0.76712,0.76918,0.76712,0.77374,0.77220,0.76918,0.76712,"2026-02-27 16:15:00","2026-02-27 16:15:00","2026-02-28 00:30:00","2026-02-28 00:30:00","2026-02-28 01:00:00","2026-02-28 00:30:00","2026-02-27 16:15:00","2026-02-27 17:00:00",0,0,-3,\0,\0,
USDCHF,12,"2026-02-28 05:15:00",0.77374,0.77374,0.76712,0.76712,0.76918,0.76712,0.77374,0.77220,0.76918,0.76712,"2026-02-27 16:15:00","2026-02-27 16:15:00","2026-02-28 00:30:00","2026-02-28 00:30:00","2026-02-28 01:00:00","2026-02-28 00:30:00","2026-02-27 16:15:00","2026-02-27 17:00:00",0,0,-3,\0,\0,
USDCHF,12,"2026-02-28 05:00:00",0.77374,0.77374,0.76712,0.76712,0.76918,0.76712,0.77374,0.77220,0.76918,0.76712,"2026-02-27 16:15:00","2026-02-27 16:15:00","2026-02-28 00:30:00","2026-02-28 00:30:00","2026-02-28 01:00:00","2026-02-28 00:30:00","2026-02-27 16:15:00","2026-02-27 17:00:00",0,0,-3,\0,\0,
USDCHF,12,"2026-02-28 04:45:00",0.77374,0.77374,0.76712,0.76712,0.76918,0.76712,0.77374,0.77220,0.76918,0.76712,"2026-02-27 16:15:00","2026-02-27 16:15:00","2026-02-28 00:30:00","2026-02-28 00:30:00","2026-02-28 01:00:00","2026-02-28 00:30:00","2026-02-27 16:15:00","2026-02-27 17:00:00",0,0,-3,\0,\0,
USDCHF,12,"2026-02-28 04:30:00",0.77374,0.77374,0.76712,0.76712,0.76918,0.76712,0.77374,0.77220,0.76918,0.76712,"2026-02-27 16:15:00","2026-02-27 16:15:00","2026-02-28 00:30:00","2026-02-28 00:30:00","2026-02-28 01:00:00","2026-02-28 00:30:00","2026-02-27 16:15:00","2026-02-27 17:00:00",0,0,-3,\0,\0,
USDCHF,12,"2026-02-28 04:15:00",0.77374,0.77374,0.76712,0.76712,0.76918,0.76712,0.77374,0.77220,0.76918,0.76712,"2026-02-27 16:15:00","2026-02-27 16:15:00","2026-02-28 00:30:00","2026-02-28 00:30:00","2026-02-28 01:00:00","2026-02-28 00:30:00","2026-02-27 16:15:00","2026-02-27 17:00:00",0,0,-3,\0,\0,
USDCHF,12,"2026-02-28 04:00:00",0.77374,0.77374,0.76712,0.76712,0.76918,0.76712,0.77374,0.77220,0.76918,0.76712,"2026-02-27 16:15:00","2026-02-27 16:15:00","2026-02-28 00:30:00","2026-02-28 00:30:00","2026-02-28 01:00:00","2026-02-28 00:30:00","2026-02-27 16:15:00","2026-02-27 17:00:00",0,0,-3,\0,\0,
USDCHF,12,"2026-02-28 03:45:00",0.77374,0.77374,0.76712,0.76712,0.76918,0.76712,0.77374,0.77220,0.76918,0.76712,"2026-02-27 16:15:00","2026-02-27 16:15:00","2026-02-28 00:30:00","2026-02-28 00:30:00","2026-02-28 01:00:00","2026-02-28 00:30:00","2026-02-27 16:15:00","2026-02-27 17:00:00",0,0,-3,\0,\0,
USDCHF,12,"2026-02-28 03:30:00",0.77374,0.77374,0.76712,0.76712,0.76918,0.76712,0.77374,0.77220,0.76918,0.76712,"2026-02-27 16:15:00","2026-02-27 16:15:00","2026-02-28 00:30:00","2026-02-28 00:30:00","2026-02-28 01:00:00","2026-02-28 00:30:00","2026-02-27 16:15:00","2026-02-27 17:00:00",0,0,-3,\0,\0,
USDCHF,12,"2026-02-28 03:15:00",0.77374,0.77374,0.76712,0.76712,0.76918,0.76712,0.77374,0.77220,0.76918,0.76712,"2026-02-27 16:15:00","2026-02-27 16:15:00","2026-02-28 00:30:00","2026-02-28 00:30:00","2026-02-28 01:00:00","2026-02-28 00:30:00","2026-02-27 16:15:00","2026-02-27 17:00:00",0,0,-3,\0,\0,
USDCHF,12,"2026-02-28 03:00:00",0.77374,0.77374,0.76712,0.76712,0.76918,0.76712,0.77374,0.77220,0.76918,0.76712,"2026-02-27 16:15:00","2026-02-27 16:15:00","2026-02-28 00:30:00","2026-02-28 00:30:00","2026-02-28 01:00:00","2026-02-28 00:30:00","2026-02-27 16:15:00","2026-02-27 17:00:00",0,0,-3,\0,\0,
USDCHF,12,"2026-02-28 02:45:00",0.77374,0.77374,0.76712,0.76712,0.76918,0.76712,0.77374,0.77220,0.76918,0.76712,"2026-02-27 16:15:00","2026-02-27 16:15:00","2026-02-28 00:30:00","2026-02-28 00:30:00","2026-02-28 01:00:00","2026-02-28 00:30:00","2026-02-27 16:15:00","2026-02-27 17:00:00",0,0,-3,\0,\0,
USDCHF,12,"2026-02-28 02:30:00",0.77374,0.77374,0.76712,0.76712,0.76918,0.76712,0.77374,0.77220,0.76918,0.76712,"2026-02-27 16:15:00","2026-02-27 16:15:00","2026-02-28 00:30:00","2026-02-28 00:30:00","2026-02-28 01:00:00","2026-02-28 00:30:00","2026-02-27 16:15:00","2026-02-27 17:00:00",0,0,-3,\0,\0,
USDCHF,12,"2026-02-28 02:15:00",0.77374,0.77374,0.76712,0.76712,0.76918,0.76712,0.77374,0.77220,0.76918,0.76712,"2026-02-27 16:15:00","2026-02-27 16:15:00","2026-02-28 00:30:00","2026-02-28 00:30:00","2026-02-28 01:00:00","2026-02-28 00:30:00","2026-02-27 16:15:00","2026-02-27 17:00:00",0,0,-3,\0,\0,
USDCHF,12,"2026-02-28 02:00:00",0.77374,0.77374,0.76712,0.76712,0.76918,0.76712,0.77374,0.77220,0.76918,0.76712,"2026-02-27 16:15:00","2026-02-27 16:15:00","2026-02-28 00:30:00","2026-02-28 00:30:00","2026-02-28 01:00:00","2026-02-28 00:30:00","2026-02-27 16:15:00","2026-02-27 17:00:00",0,0,-3,\0,\0,
USDJPY,12,"2026-02-28 06:45:00",156.82300,156.19400,155.52500,155.88700,156.19400,156.00400,156.19400,155.91400,156.82300,155.53700,"2026-02-25 20:45:00","2026-02-28 06:00:00","2026-02-25 15:15:00","2026-02-28 04:15:00","2026-02-28 06:00:00","2026-02-28 06:45:00","2026-02-28 06:00:00","2026-02-28 02:30:00",0,0,4,,\0,\0
USDJPY,12,"2026-02-28 06:30:00",156.82300,156.19400,155.52500,155.88700,156.19400,156.03200,156.19400,155.91400,156.82300,155.53700,"2026-02-25 20:45:00","2026-02-28 06:00:00","2026-02-25 15:15:00","2026-02-28 04:15:00","2026-02-28 06:00:00","2026-02-28 06:30:00","2026-02-28 06:00:00","2026-02-28 02:30:00",0,0,4,,\0,\0
USDJPY,12,"2026-02-28 06:15:00",156.82300,156.19400,155.52500,155.88700,156.19400,156.04000,156.19400,155.91400,156.82300,155.53700,"2026-02-25 20:45:00","2026-02-28 06:00:00","2026-02-25 15:15:00","2026-02-28 04:15:00","2026-02-28 06:00:00","2026-02-28 06:15:00","2026-02-28 06:00:00","2026-02-28 02:30:00",0,0,4,,\0,\0
USDJPY,12,"2026-02-28 06:00:00",156.82300,156.19400,155.52500,155.88700,156.19400,156.19400,156.19400,155.91400,156.82300,155.53700,"2026-02-25 20:45:00","2026-02-28 06:00:00","2026-02-25 15:15:00","2026-02-28 04:15:00","2026-02-28 06:00:00","2026-02-28 06:00:00","2026-02-28 06:00:00","2026-02-28 02:30:00",0,0,4,,\0,\0
USDJPY,12,"2026-02-28 05:45:00",156.82300,156.22700,155.52500,155.88700,156.17700,155.88700,156.17700,155.91400,156.82300,155.53700,"2026-02-25 20:45:00","2026-02-27 23:00:00","2026-02-25 15:15:00","2026-02-28 04:15:00","2026-02-28 05:45:00","2026-02-28 04:15:00","2026-02-28 05:45:00","2026-02-28 02:30:00",1,0,4,\0,\0,\0
USDJPY,12,"2026-02-28 05:30:00",156.82300,156.22700,155.52500,155.88700,156.04900,155.88700,156.05400,155.91400,156.82300,155.53700,"2026-02-25 20:45:00","2026-02-27 23:00:00","2026-02-25 15:15:00","2026-02-28 04:15:00","2026-02-28 05:15:00","2026-02-28 04:15:00","2026-02-27 22:15:00","2026-02-28 02:30:00",0,0,4,\0,\0,\0
USDJPY,12,"2026-02-28 05:15:00",156.82300,156.22700,155.52500,155.88700,156.04900,155.88700,156.05400,155.91400,156.82300,155.53700,"2026-02-25 20:45:00","2026-02-27 23:00:00","2026-02-25 15:15:00","2026-02-28 04:15:00","2026-02-28 05:15:00","2026-02-28 04:15:00","2026-02-27 22:15:00","2026-02-28 02:30:00",0,0,4,\0,\0,\0
USDJPY,12,"2026-02-28 05:00:00",156.82300,156.22700,155.52500,155.88700,156.02400,155.88700,156.05400,155.91400,156.82300,155.53700,"2026-02-25 20:45:00","2026-02-27 23:00:00","2026-02-25 15:15:00","2026-02-28 04:15:00","2026-02-28 04:45:00","2026-02-28 04:15:00","2026-02-27 22:15:00","2026-02-28 02:30:00",0,0,4,\0,\0,\0
USDJPY,12,"2026-02-28 04:45:00",156.82300,156.22700,155.52500,155.88700,156.02400,155.88700,156.05400,155.91400,156.82300,155.53700,"2026-02-25 20:45:00","2026-02-27 23:00:00","2026-02-25 15:15:00","2026-02-28 04:15:00","2026-02-28 04:45:00","2026-02-28 04:15:00","2026-02-27 22:15:00","2026-02-28 02:30:00",0,0,4,\0,\0,\0
USDJPY,12,"2026-02-28 04:30:00",156.82300,156.22700,155.52500,155.88700,155.97900,155.88700,156.05400,155.91400,156.82300,155.53700,"2026-02-25 20:45:00","2026-02-27 23:00:00","2026-02-25 15:15:00","2026-02-28 04:15:00","2026-02-28 04:30:00","2026-02-28 04:15:00","2026-02-27 22:15:00","2026-02-28 02:30:00",0,0,4,\0,\0,\0
USDJPY,12,"2026-02-28 04:15:00",156.82300,156.22700,155.52500,155.88700,155.88700,155.88700,156.05400,155.91400,156.82300,155.53700,"2026-02-25 20:45:00","2026-02-27 23:00:00","2026-02-25 15:15:00","2026-02-28 04:15:00","2026-02-28 04:15:00","2026-02-28 04:15:00","2026-02-27 22:15:00","2026-02-28 02:30:00",0,0,4,\0,\0,\0
USDJPY,12,"2026-02-28 04:00:00",156.82300,156.22700,155.52500,155.91400,156.07900,155.91400,156.05400,155.91400,156.82300,155.53700,"2026-02-25 20:45:00","2026-02-27 23:00:00","2026-02-25 15:15:00","2026-02-28 02:30:00","2026-02-28 03:30:00","2026-02-28 02:30:00","2026-02-27 22:15:00","2026-02-28 02:30:00",0,0,4,\0,\0,\0
USDJPY,12,"2026-02-28 03:45:00",156.82300,156.22700,155.52500,155.91400,156.07900,155.91400,156.05400,155.91400,156.82300,155.53700,"2026-02-25 20:45:00","2026-02-27 23:00:00","2026-02-25 15:15:00","2026-02-28 02:30:00","2026-02-28 03:30:00","2026-02-28 02:30:00","2026-02-27 22:15:00","2026-02-28 02:30:00",0,0,4,\0,\0,\0
USDJPY,12,"2026-02-28 03:30:00",156.82300,156.22700,155.52500,155.91400,156.07900,155.91400,156.05400,155.91400,156.82300,155.53700,"2026-02-25 20:45:00","2026-02-27 23:00:00","2026-02-25 15:15:00","2026-02-28 02:30:00","2026-02-28 03:30:00","2026-02-28 02:30:00","2026-02-27 22:15:00","2026-02-28 02:30:00",0,0,4,\0,\0,\0
USDJPY,12,"2026-02-28 03:15:00",156.82300,156.22700,155.52500,155.91400,155.91400,155.91400,156.05400,155.91400,156.82300,155.53700,"2026-02-25 20:45:00","2026-02-27 23:00:00","2026-02-25 15:15:00","2026-02-28 02:30:00","2026-02-28 02:30:00","2026-02-28 02:30:00","2026-02-27 22:15:00","2026-02-28 02:30:00",0,0,4,\0,\0,\0
USDJPY,12,"2026-02-28 03:00:00",156.82300,156.22700,155.52500,155.83500,156.22700,155.91400,156.05400,155.91400,156.82300,155.53700,"2026-02-25 20:45:00","2026-02-27 23:00:00","2026-02-25 15:15:00","2026-02-27 21:15:00","2026-02-27 23:00:00","2026-02-28 02:30:00","2026-02-27 22:15:00","2026-02-28 02:30:00",0,3,4,,\0,\0
USDJPY,12,"2026-02-28 02:45:00",156.82300,156.22700,155.52500,155.83500,156.22700,155.91400,156.05400,155.91400,156.82300,155.53700,"2026-02-25 20:45:00","2026-02-27 23:00:00","2026-02-25 15:15:00","2026-02-27 21:15:00","2026-02-27 23:00:00","2026-02-28 02:30:00","2026-02-27 22:15:00","2026-02-28 02:30:00",0,2,4,,\0,\0
USDJPY,12,"2026-02-28 02:30:00",156.82300,156.22700,155.52500,155.83500,156.22700,155.91400,156.05400,155.91400,156.82300,155.53700,"2026-02-25 20:45:00","2026-02-27 23:00:00","2026-02-25 15:15:00","2026-02-27 21:15:00","2026-02-27 23:00:00","2026-02-28 02:30:00","2026-02-27 22:15:00","2026-02-28 02:30:00",0,1,4,,\0,\0
USDJPY,12,"2026-02-28 02:15:00",156.82300,156.22700,155.52500,155.83500,156.22700,155.93100,156.05400,155.92200,156.82300,155.53700,"2026-02-25 20:45:00","2026-02-27 23:00:00","2026-02-25 15:15:00","2026-02-27 21:15:00","2026-02-27 23:00:00","2026-02-27 23:30:00","2026-02-27 22:15:00","2026-02-27 19:30:00",0,0,4,,\0,\0
USDJPY,12,"2026-02-28 02:00:00",156.82300,156.22700,155.52500,155.83500,156.22700,155.93100,156.05400,155.92200,156.82300,155.53700,"2026-02-25 20:45:00","2026-02-27 23:00:00","2026-02-25 15:15:00","2026-02-27 21:15:00","2026-02-27 23:00:00","2026-02-27 23:30:00","2026-02-27 22:15:00","2026-02-27 19:30:00",0,0,4,,\0,\0
